-68.896416,-12.877461,110.382545,130.75493,-53.695908,-46.734413,8.283973,71.66576,102.69885,48.22945,-166.62184,201.58368,28.541277,64.265785,-33.828728,78.032616,0.0
-70.093376,-29.825203,14.023002,77.45495,-26.535313,46.51016,40.189342,66.95148,-34.84184,-41.94541,-111.75272,124.34646,18.846285,15.437811,-1.8492279,24.43211,0.0
-51.833656,21.71385,19.777927,59.57672,29.932772,-11.789973,-13.168467,34.7618,-11.02548,5.690113,56.96074,58.296448,0.018878745,-7.965047,45.45689,46.149567,0.0
-2.8798537,38.510975,-47.732506,61.398632,1.7607594,-22.326906,-68.02005,71.61235,3.888897,-9.688301,-12.110304,15.989288,4.757835,-10.528349,-47.364273,48.75314,0.0
-61.0541,-57.25978,-123.63837,149.30753,24.882511,8.455798,28.475971,38.749462,-4.9484367,23.83515,-54.316994,59.522575,5.8961987,16.42042,-101.13395,102.62783,0.0
-14.110379,-24.27161,-75.67534,80.71544,9.027812,42.229088,-123.54843,130.8779,-56.69549,-3.979721,16.517235,59.186546,3.359013,-36.274513,-24.061525,43.658806,0.0
-23.003414,37.52278,23.185942,49.74651,-39.111732,-32.86967,61.84355,80.21707,44.31263,-20.082235,5.5742636,48.969265,24.497766,24.869741,8.186704,35.85635,0.0
-2.4519322,56.822304,-77.17564,95.868996,49.809845,-12.521272,-286.58557,291.15134,-21.016754,-27.783926,-123.43237,128.25443,-15.339633,-19.651144,-12.565178,27.916939,0.0
13.835992,23.909754,-34.639954,44.306305,8.432718,-71.31672,-128.39227,147.11143,28.403088,-4.0561852,6.1644783,29.346209,-47.19951,47.45511,-47.79592,82.24501,0.0
-39.69355,-34.076756,267.49847,272.56604,27.296585,7.067775,78.87648,83.764885,-20.144861,0.7476115,55.411366,58.96444,25.474073,28.732426,-17.414867,42.163605,0.0
-54.877556,2.018562,62.73302,83.37297,-10.958367,-35.86785,73.50187,82.51735,-42.159798,-49.510124,135.76418,150.53445,-6.594017,-6.1964116,26.244078,27.76039,0.0
13.537061,47.08157,-77.31063,91.525185,-25.664537,32.59183,16.908798,44.79736,26.308754,2.2584457,-33.073345,42.32149,-31.753626,-88.272995,-18.356474,95.589676,0.0
71.82781,-24.022623,-1.8896666,75.76207,-32.06498,-0.25625163,-31.595161,45.01647,-17.635975,25.128565,-0.91065663,30.713217,-12.448034,-2.0196872,-12.443067,17.71617,0.0
28.459503,-17.904062,-90.32126,96.376495,-19.227543,12.699901,-15.876203,27.982845,-10.221641,6.7146797,-8.422858,14.849694,-5.071738,6.654862,-3.5756505,9.099175,0.0
38.71046,-24.827688,161.696,168.10864,-18.388775,15.318135,4.8813486,24.425804,-9.719628,55.136204,113.094734,126.19391,7.0225987,-37.26888,86.62276,94.56109,0.0
-68.72205,-70.96341,8.186269,99.12387,-37.959625,26.77698,21.085752,51.015182,126.640884,21.13559,-245.80595,277.31787,87.98496,-16.614857,-63.98237,110.05072,0.0
39.063828,-19.977913,-51.085037,67.340775,13.597448,-7.4511538,-9.24992,18.054676,-23.712257,26.45589,-45.44614,57.68491,-26.338718,-5.8210278,-41.714565,49.67624,0.0
-4.470013,53.239124,-27.268513,59.982975,-11.754134,-35.436703,-19.587236,42.161346,7.0765696,-10.432938,-10.756083,16.57158,6.600039,-9.777769,-10.045171,15.494216,0.0
35.38664,3.5609138,-29.160925,45.99201,-53.782005,-5.158564,-13.097047,55.593697,22.194897,-32.52229,-36.041023,53.378643,-14.740487,21.100145,23.336946,34.743668,0.0
87.12495,39.38178,107.6218,143.9588,15.845341,12.433725,-18.427473,27.29916,-84.399376,-71.226494,148.32657,184.92499,7.1071095,17.184809,27.905148,33.53412,0.0
40.41307,0.6686032,52.680298,66.399376,-10.880311,15.578691,3.2229917,19.273413,-10.19484,14.619096,3.0193334,18.076756,8.251815,-5.7251816,2.782298,10.421677,0.0
41.121815,23.448233,-175.3324,181.61023,-25.71308,-13.976799,-42.169067,51.32975,-59.972046,22.004599,-137.85268,151.93492,5.7687984,-42.69464,-176.878,182.0493,0.0
-24.88056,-49.985065,-200.2027,207.8429,35.857346,13.618349,-200.04366,203.6877,-8.692249,29.639242,-16.170742,34.86449,1.825186,8.602573,-0.22943845,8.797057,0.0
-30.155401,-5.4887075,72.56584,78.77357,6.8838186,18.764713,12.771936,23.71969,17.043665,-7.801987,15.885867,24.570679,10.340527,-4.7706976,9.655742,14.930486,0.0
-21.064829,-16.55202,-8.153483,28.003336,12.935186,38.72304,-31.352152,51.475838,49.14294,22.459702,68.25162,87.05034,-57.233437,-56.74476,-94.47384,124.18113,0.0
34.86433,-9.092588,44.204826,57.02862,18.536415,3.2263465,23.178019,29.85345,-10.937875,12.051112,5.170388,17.07628,9.806897,1.6809714,12.265537,15.793807,0.0
3.093106,37.363953,47.617413,60.605698,-8.312203,-28.407324,14.360935,32.898407,5.0731397,-9.33013,9.091411,13.980051,-5.9291525,-5.3983135,-0.31773248,8.024811,0.0
-58.448322,126.08377,-46.30136,146.48254,35.88493,91.352715,-22.570614,100.70988,-27.408487,-120.163315,-51.119167,133.43024,53.32593,-94.25961,-6.9516473,108.52127,0.0
-14.327169,-63.65405,92.90302,113.525665,50.9794,39.22592,112.3068,129.4233,-51.65322,-2.2652671,125.46528,135.7009,12.415582,25.531078,128.60036,131.69681,0.0
7.472498,42.99539,-53.319073,68.90112,-20.370798,-33.995075,-123.76125,129.95184,1.512762,-20.149748,-2.9815364,20.42524,-7.504703,1.563082,-6.044049,9.761881,0.0
39.828796,-29.374386,45.35017,67.12545,10.036209,-15.1977,-47.01549,50.419758,9.349246,7.039352,-36.234642,38.07783,-5.9151344,23.70475,41.71623,48.34417,0.0
-68.42885,27.383957,-57.802425,93.66701,54.79686,16.163303,-126.05372,138.39613,-24.9905,14.062047,38.794384,48.241905,39.444992,-56.720078,131.5401,148.57954,0.0
-10.866925,-79.835266,173.31348,191.12646,62.824516,58.687294,29.6198,90.93108,-14.218032,-18.276497,24.415934,33.65014,-9.265539,-3.8533857,-9.347153,13.714198,0.0
10.542562,-43.19711,20.58137,48.99723,30.24603,-2.2900422,151.47968,154.48677,-36.72318,79.020615,-196.6691,215.10834,26.494316,3.6178436,-18.024738,32.2481,0.0
12.072997,82.11774,42.269142,93.14377,-5.3603764,-53.250973,164.46144,172.95076,-22.596317,28.450758,46.02347,58.636158,6.1326003,34.877594,-41.78396,54.77184,0.0
28.737713,16.288164,-14.571452,36.103848,-16.56282,-7.584742,78.83027,80.907776,-44.27296,-2.6227102,23.003464,49.96143,45.107,-26.446266,37.81245,64.52782,0.0
-29.345568,-34.959797,55.490353,71.850746,8.90065,21.469484,25.0444,34.166977,2.29931,13.476986,9.295064,16.532217,3.7658672,9.146191,10.672078,14.550869,0.0
28.290049,56.0604,-158.05336,170.07045,9.552728,-46.30575,29.54183,55.75121,-39.62182,4.813681,150.10248,155.31844,21.31727,-26.830105,-65.54376,73.96124,0.0
-33.922825,-4.297421,-50.027332,60.596695,25.168268,1.9162034,-0.3232428,25.243177,4.636566,-11.625544,-27.16975,29.91417,1.2723844,-9.072255,-24.418453,26.080582,0.0
24.986776,-57.406857,-278.227,285.1844,6.3941207,38.14529,-181.25581,185.3365,-32.10325,-23.693516,6.048278,40.355843,17.28835,51.357388,-22.968327,58.855957,0.0
0.25873291,-25.677868,28.585026,38.42556,0.21146771,-17.748184,19.789293,26.58306,29.447363,81.996086,190.32156,209.31511,-22.760159,-7.914019,15.821198,28.826689,0.0
3.6999354,-59.670876,204.628,213.18286,7.246834,-22.266111,29.706682,37.825844,-19.045338,44.787476,-23.553343,54.068604,10.434302,31.772665,144.5442,148.36244,0.0
-23.075283,-26.078196,-135.21808,139.62976,54.91847,19.791407,-117.45817,131.16463,-46.872616,29.356861,197.84808,205.43307,21.717281,-24.705103,21.487959,39.290276,0.0
-75.11555,-66.71342,-35.94566,106.70106,4.746125,16.444973,13.001633,21.49431,85.561516,59.13264,-38.183617,110.7946,-10.512272,-15.164961,-20.706827,27.735676,0.0
-29.673248,-38.387737,-157.59349,164.89342,20.178308,16.31738,-15.979312,30.475739,-4.032344,20.671644,-45.41258,50.058865,7.5800853,4.0082865,3.044401,9.0996475,0.0
7.9632406,111.00212,137.4717,176.871,12.676473,-9.581027,-2.2886565,16.053879,-4.490601,15.953919,35.65637,39.320232,17.29156,-2.134619,27.61539,32.652344,0.0
-18.201664,18.091633,-39.054504,46.73181,20.096947,17.85366,34.94245,44.086452,44.79396,-40.132977,28.307816,66.47179,-42.13867,-11.275857,18.44713,47.36159,0.0
22.365444,11.207213,-9.531892,26.770935,92.608734,37.713974,66.35088,120.00489,-15.070135,-4.7933044,-4.90289,16.557,-30.066912,-14.643232,-147.35532,151.10275,0.0
-28.339922,47.396286,-194.2541,201.95102,2.9920926,-43.09051,-113.40744,121.35482,26.184177,-28.651522,-46.030518,60.2108,27.279175,12.322806,32.274963,44.019196,0.0
8.327897,-37.31497,-57.782986,69.28669,-9.629822,14.5114355,-35.495358,39.537918,-0.7565693,14.021561,-3.339829,14.434064,4.206338,11.242372,-3.876494,12.614379,0.0
12.195826,-50.70908,106.99936,119.03366,20.430954,9.023805,-9.145687,24.134964,37.453865,28.946407,-158.19827,165.1284,-50.824116,3.1156778,-220.09308,225.90654,0.0
52.004223,-27.15699,337.9473,343.0019,-51.11106,-6.4609246,295.57092,300.0271,-34.05832,11.278756,210.12901,213.16985,-28.927353,5.000232,15.332185,33.119026,0.0
-104.96673,29.224566,-134.11697,172.79887,-12.521667,52.664345,-34.4006,64.138336,-29.365025,30.971851,3.893896,42.857006,17.830446,-34.164047,-27.640024,47.424446,0.0
15.130266,-51.00148,73.80606,90.98028,3.5787625,25.576773,-4.11699,26.152025,-6.9537416,10.52443,40.769302,42.676155,-3.7597058,9.713945,22.818405,25.083376,0.0
-120.91832,-26.615957,-14.537664,124.66352,-16.855976,-38.37369,-4.695804,42.174812,-7.612165,-7.9943237,-2.7064824,11.365707,8.082163,0.42068166,-18.645071,20.325773,0.0
-39.888634,47.322247,-295.7548,302.16122,47.385376,32.433067,-226.45038,233.61731,5.6829557,-29.96114,77.25155,83.052864,-34.11434,37.840103,26.214012,57.296135,0.0
50.557995,7.6975927,11.7958145,52.48338,-27.81304,-6.4861445,-21.911219,35.99634,-18.376314,82.15478,-232.9926,247.73505,-12.956962,-3.9768152,3.0835047,13.900255,0.0
15.851971,147.51445,100.08781,178.9675,-12.654641,-130.55203,-212.45432,249.6814,-26.795843,2.0292244,-21.945581,34.695007,24.127148,-1.9028658,5.790477,24.885132,0.0
-39.266018,-17.24513,120.19079,127.6129,43.30929,-7.0804834,82.99272,93.880936,-18.018156,53.198574,22.427288,60.47922,12.1200075,-27.68423,32.704483,44.529827,0.0
28.743565,-28.72501,-24.698954,47.553726,-9.320865,13.731281,-27.247974,31.904213,-7.472795,10.96544,-21.801832,25.522606,-7.509338,5.4900537,-12.603246,15.664374,0.0
-50.654484,-9.195676,48.310253,70.5997,39.440323,-6.848312,11.568598,41.668583,38.501522,32.806816,-27.272747,57.467106,-32.743195,-18.206741,-72.990364,82.04393,0.0
20.879736,-21.479288,30.189322,42.52903,0.9398429,17.219313,4.928836,17.93548,-4.0694504,15.134393,1.6910064,15.762924,-11.398242,7.7126856,35.261703,37.852253,0.0
-44.247314,5.7991543,-7.984508,45.334396,18.723505,21.68532,-89.30102,93.7843,33.169285,-0.04013627,96.16479,101.72453,1.805219,-18.304695,53.82032,56.8767,0.0
30.707472,22.271397,23.171394,44.450966,-35.26901,27.27889,29.691236,53.56885,-36.240116,-8.153151,130.66496,135.84242,17.083332,-26.23675,7.6666856,32.233467,0.0
28.409138,14.225326,18.531366,36.781116,-5.83523,-29.9183,44.32049,53.790897,-9.75778,9.203623,16.787945,21.48877,-12.333254,4.4577985,5.344316,14.161709,0.0
-36.392956,-33.5531,84.6536,98.06371,19.084866,19.089577,58.67498,64.58636,22.35765,-23.641075,26.448608,41.932148,-22.814869,34.62538,166.21342,171.30775,0.0
106.2973,19.35708,-18.099983,109.551,23.365238,-16.337683,-56.218983,63.035133,-131.40678,15.033227,-112.975815,173.94621,8.726988,-6.5490746,-42.088757,43.480167,0.0
-1.3208133,37.605446,25.43402,45.4181,-1.7924294,-16.909885,13.470496,21.693577,4.068087,-20.44621,41.202835,46.176514,2.226936,-11.340251,22.82437,25.583439,0.0
-37.900017,-139.23083,183.19226,233.19745,-111.90085,85.80895,117.02355,183.24709,-15.270586,4.012206,-3.0576432,16.082567,-15.906146,-21.961689,23.195753,35.684387,0.0
13.597919,29.197802,47.53025,57.4156,-23.395538,-4.600882,27.687069,36.539078,-46.969193,-38.041622,210.12172,218.64221,51.48239,17.205788,-24.866379,59.706142,0.0
115.5172,-125.70222,-198.9714,262.1734,-39.093266,93.30696,-260.3534,279.31766,-33.92729,-31.41946,-13.2121935,48.09175,53.444958,-36.6381,-48.769512,81.09988,0.0
-29.146479,-87.80105,-216.52144,235.45717,-55.81363,8.4910555,-152.86975,162.96141,46.812923,4.9111147,-77.11061,90.34172,30.353672,58.866905,-12.423531,67.38704,0.0
-0.98788846,-92.6505,-45.10584,103.051575,24.762995,68.60222,33.638275,80.318146,-43.50799,0.9513104,-19.574053,47.717857,20.209904,25.894268,-49.013973,59.002735,0.0
-85.98518,-17.359314,134.69743,160.74263,-45.380215,-101.02733,223.63403,249.55574,94.38168,54.105324,252.01248,274.49152,39.36112,73.35668,78.16709,114.19547,0.0
36.08267,-11.512711,-0.951035,37.88675,-16.683098,-6.309214,-21.629797,28.035336,-14.741033,9.696551,-0.6160043,17.655045,-10.355068,-3.1189039,-4.8215585,11.840711,0.0
106.55385,-49.19429,-112.60857,162.64836,-14.585964,-30.733994,-23.806356,41.52194,-65.731186,6.657446,-197.61267,208.36432,-40.597065,85.99103,-138.89499,168.32826,0.0
-101.4544,12.222314,79.303116,129.34978,-10.336415,36.729908,95.318275,102.67181,63.007004,-36.343975,-24.913532,76.88603,43.40642,-36.972324,63.95029,85.67801,0.0
47.438442,-104.52346,-190.25964,222.20326,2.1818023,17.344667,-15.406575,23.301508,-45.074253,14.524386,-15.528717,49.83772,-11.429121,-74.02411,-25.197464,79.02605,0.0
-47.733303,-13.450502,33.62,59.914013,35.54671,-8.328884,72.34161,81.03239,-2.6405754,-34.36428,4.5243998,34.76144,22.805418,55.20244,27.305407,65.67338,0.0
-25.992664,4.982859,-59.28576,64.92503,-17.079142,50.0581,-68.9865,86.929054,39.46737,-37.092266,-11.321632,55.332626,3.7017214,-15.88697,-75.68648,77.4245,0.0
3.2392302,22.746838,51.232502,56.14873,2.0550244,17.072914,37.77072,41.501022,-8.673362,-53.487602,149.4934,159.01082,1.3330067,33.19861,33.6586,47.295208,0.0
42.174015,30.554192,38.421436,64.71795,-8.841373,46.17746,33.835747,57.925686,-24.559507,-29.776117,-0.04872393,38.597782,-12.708552,-31.103489,-19.304583,38.7505,0.0
-36.693413,9.058722,-80.09882,88.56805,26.869347,-35.202168,33.47981,55.51633,-47.088116,-0.96254843,155.63351,162.60387,51.609028,25.834345,-67.68523,88.950584,0.0
-20.95296,-15.8972,50.362244,56.816494,4.4547634,-19.698545,-3.0434697,20.424288,29.996304,-15.276835,-5.4647694,34.1033,30.63031,38.84973,2.379831,49.529713,0.0
-14.435841,-50.65619,-116.65459,127.995056,43.770866,11.326215,-217.21983,221.87524,7.0278754,-14.699947,-28.01218,32.40637,-56.282387,55.76892,-468.498,475.1508,0.0
-10.165983,147.02596,123.66591,192.38824,62.08675,99.62557,151.12,191.3564,-25.106129,-65.90105,-194.55028,206.93736,14.87236,23.95918,-104.72866,108.45885,0.0
30.78696,71.324646,104.5249,130.23247,5.889326,17.384592,-19.981873,27.132702,85.76217,34.281456,-215.74341,234.6819,-13.636411,-17.139847,-42.72326,48.01056,0.0
44.741077,-41.342815,-94.3613,112.31673,-29.161623,5.804033,-19.015987,35.294403,-55.087627,37.72341,-136.67564,152.11163,31.521057,5.370455,-25.780972,41.074184,0.0
58.08068,26.774685,-87.52687,108.40301,92.16245,-49.275757,-290.3872,308.62073,9.526961,8.862298,-8.194013,15.377136,-171.90965,7.8350053,-294.23254,340.86234,0.0
40.941708,-3.073579,-13.343542,43.170826,-18.96641,7.034925,-11.873016,23.455986,-16.645046,-2.1071928,-10.392889,19.736006,-15.300655,-1.9081435,-9.55439,18.139389,0.0
53.49768,-82.49146,-62.20308,116.34465,37.891335,9.661106,-14.882526,41.840065,-41.818718,-22.619083,5.1835303,47.825813,-45.078365,90.92607,-108.97881,148.91609,0.0
-92.43788,29.017122,-93.85154,134.88835,34.77598,-34.115646,-69.83017,85.14399,-15.830826,40.886803,-44.01887,62.128952,15.268635,35.54166,-41.47028,56.710884,0.0
-57.517338,8.276679,32.39437,66.52926,20.082706,-42.036392,26.875423,53.78347,40.806683,-7.4506936,1.5543015,41.51054,-26.492422,54.849033,-1.9391986,60.942894,0.0
0.27112687,116.30865,43.0029,124.004135,0.5631497,-18.002235,8.9959755,20.132689,-4.3770833,-50.87097,133.91039,143.3144,-27.880634,29.516346,70.28837,81.17272,0.0
60.796043,-16.969423,28.7371,69.35374,-18.49553,26.275934,38.133842,49.866814,-14.4018345,26.733738,-0.15903723,30.366608,-12.379624,19.342543,41.140038,47.115726,0.0
-10.483313,32.288055,-85.380196,91.881485,-30.52186,38.22369,-42.611374,64.87199,44.212334,-62.230145,-131.85298,152.35661,17.392899,-38.355793,-32.298355,53.074238,0.0
-25.658693,-70.61083,191.7723,205.96327,24.300882,32.05459,19.255884,44.59617,11.950407,28.387617,54.148003,62.295067,-16.508484,16.801235,-47.690224,53.189934,0.0
-43.33442,-49.838795,-152.63246,166.30829,43.05565,-42.41867,-94.614174,112.27188,-16.767946,-15.691334,59.797466,64.05568,-21.890032,119.016914,248.11397,276.05206,0.0
-45.17188,-16.675888,48.520256,68.357956,42.681152,11.0393,68.77638,81.693016,-31.604467,-9.725997,49.016632,59.127647,37.761585,10.680206,215.06143,218.61253,0.0
-23.741049,-73.22421,-99.4038,125.7241,23.783134,26.150955,-16.484232,39.003216,77.41428,-110.14666,-173.48795,219.59813,-79.43357,145.50237,-180.39322,244.9946,0.0
-10.311672,-99.74477,-59.72822,116.71679,-31.086258,8.564589,1.0618405,32.26198,10.602261,97.62246,107.87174,145.8728,31.218563,7.8592644,-4.878143,32.560314,0.0
65.74194,-1.7016927,-13.265617,67.08856,13.633445,43.90246,0.88440174,45.979115,15.506378,-40.93664,-9.062212,44.703247,-19.685463,15.698724,21.830105,33.32448,0.0
-43.876648,21.471493,-113.07564,123.17583,42.218697,-13.350709,-137.55075,144.50215,-0.61969715,35.880764,-19.209871,40.704346,10.444707,-27.01993,-136.21956,139.26575,0.0
26.321945,-67.392654,11.588901,73.2729,64.22988,-28.122213,100.90343,122.87327,-37.568497,24.906473,-6.5250654,45.54449,26.936832,25.93914,20.778267,42.780464,0.0
-39.695484,-13.0564375,-25.959415,49.194443,15.661681,6.213144,-33.634865,37.619087,11.157124,4.4635115,-23.93678,26.783834,9.397262,2.0448935,-25.62926,27.374239,0.0
-147.99544,155.90634,-91.62874,233.6777,54.660027,36.34114,-130.8443,146.3852,-26.345613,-13.6902,-5.649281,30.22296,-27.95843,-2.8828535,-92.95714,97.11341,0.0
-32.654064,16.536858,145.96767,150.48692,26.907026,-16.925673,17.206749,36.146076,10.502206,6.363052,12.050521,17.204645,-5.9756107,5.3163223,9.864853,12.699863,0.0
32.14685,-4.8564873,57.484833,66.04183,22.435734,-13.63447,10.194836,28.163929,-62.314922,-17.803835,207.44142,217.32944,6.489286,35.380672,215.08739,218.07452,0.0
-43.20626,15.114203,-150.79909,157.5931,23.518917,-33.496048,19.905476,45.512115,19.132103,-9.826606,0.6875254,21.519114,0.8465758,20.771952,111.17449,113.10154,0.0
-25.808903,4.63094,-14.44175,29.935083,15.426893,16.788904,-102.46933,104.975334,2.1431265,-16.699278,-27.711184,32.424812,1.2155606,-9.23295,-15.33073,17.937567,0.0
-25.605808,29.431152,-6.1534986,39.493237,19.210493,-3.0030959,24.79486,31.509472,-3.5432763,-12.063513,-2.9863076,12.922893,-2.5336099,-8.606909,-2.140119,9.223783,0.0
8.20112,60.070206,-138.06712,150.79198,-8.987781,-51.19543,51.79867,73.38157,12.774031,-22.559263,-8.303859,27.222239,-4.9631586,12.686295,-14.271175,19.729204,0.0
32.631527,26.515095,-12.6081295,43.89569,-2.8250937,-41.449078,11.056705,42.99137,-19.490377,5.828201,-69.01294,71.94879,1.5444661,11.953789,-4.3192215,12.803676,0.0
-57.145817,-3.118478,29.21533,64.256645,-1.7461836,38.43611,-92.17485,99.88293,35.16172,2.4800575,16.789743,39.043613,-41.017136,-43.66805,-212.8318,221.10336,0.0
-13.884071,-47.065514,170.78503,177.69485,-10.70077,31.773827,-25.173737,41.92612,20.706356,-16.37947,42.059242,49.65904,15.054275,15.406479,2.0110335,21.634117,0.0
-21.030535,-49.45415,120.05842,131.53719,-69.13579,-162.80717,128.36461,218.54843,3.9763155,138.183,345.58997,372.21338,58.26561,50.574837,245.26067,257.10992,0.0
-76.2114,-30.786745,66.35331,105.63505,-41.248554,48.860928,101.655014,120.094025,104.15536,-98.25772,302.01328,334.23788,18.014402,-37.45899,25.274908,48.646957,0.0
37.4235,-123.209175,-276.81354,305.29782,6.0806017,96.457054,18.273884,98.360985,-65.444756,113.63976,-47.23082,139.38354,55.793392,-106.81128,-98.58011,155.69072,0.0
226.13306,-33.193157,-229.13403,323.63617,98.67666,15.02448,-34.138783,105.49064,-137.46638,7.7984853,308.70538,338.019,24.371511,35.184933,-62.498577,75.74981,0.0
31.311,3.6393697,125.266884,129.17204,18.42715,22.42784,-8.990683,30.3875,-35.091034,8.127538,-57.78732,68.094215,21.119513,-0.8963862,18.748316,28.25505,0.0
1.2779769,70.914154,-58.55647,91.97451,56.162373,-34.059875,-263.24908,271.3197,-43.33776,-12.897886,-20.943481,49.83118,-15.358265,-17.243244,-12.770245,26.387213,0.0
48.63222,170.56279,696.02277,718.2649,66.35202,44.153744,434.69955,441.94553,-24.139727,-104.88286,50.536144,118.899345,-88.07581,-107.723564,155.9559,209.00711,0.0
-12.623485,54.704693,-154.94798,164.80548,-46.94449,-27.887121,-102.66672,116.28389,-13.3395,49.826466,-73.54659,89.83168,41.86966,-3.383822,-125.88976,132.71307,0.0
-62.80458,3.7332275,150.33803,162.97202,39.174446,-23.104465,211.48206,216.31715,9.339408,8.925208,64.355064,65.63894,10.7290745,2.3934743,47.259533,48.521297,0.0
-78.47522,72.34817,-125.16746,164.49774,-50.7153,15.855798,42.69978,68.16685,-14.511359,-43.173187,149.2997,156.0926,-39.16449,-17.23,-14.018661,45.025024,0.0
-65.82338,-15.273281,-181.38458,193.56227,-7.587568,41.211166,-34.15925,54.062794,39.805195,19.322086,-64.04829,77.84594,35.066532,-65.73375,-119.23921,140.60081,0.0
-58.73027,42.42912,-13.399105,73.68183,-0.69512004,45.565247,-21.542963,50.406094,-13.23827,-32.040104,19.804726,39.925518,12.6991825,24.03738,-59.31168,65.24523,0.0
60.19002,23.939373,-229.56654,238.53036,-26.443762,-39.562595,-90.09992,101.894394,-13.297523,39.88,-59.005253,72.449005,-16.07083,-34.815968,-220.52213,223.83125,0.0
49.00319,-1.8229818,-12.072928,50.5014,-38.903885,-18.351406,-29.598717,52.214657,-10.693218,10.906301,-6.0086513,16.413633,-1.5244122,13.460076,-6.5849113,15.062194,0.0
123.74784,77.685,-29.57612,149.0746,-78.032364,-100.488556,-33.72072,131.621,-13.930071,30.297247,-10.127594,34.850227,-29.35288,5.042692,14.780093,33.24863,0.0
36.969563,48.68261,171.10017,181.6921,-11.108807,-59.21271,10.98577,61.239185,-21.461538,30.281967,23.899727,44.145126,-31.60229,-11.43017,41.82286,53.651703,0.0
-48.835915,-13.9519,-34.784367,61.559357,51.28461,25.98399,0.96884906,57.49972,13.087328,-42.72125,-34.934128,56.716637,28.176203,25.821743,-58.793945,70.1241,0.0
-22.115814,66.02958,156.69653,171.4725,-4.835064,-63.219666,80.834496,102.734215,-25.833178,-7.4546123,-16.500263,31.546522,56.835213,13.826422,120.578514,134.01714,0.0
121.227066,43.769413,76.698395,149.98135,-101.25412,51.89169,164.69888,200.17708,26.27949,-31.15773,3.7325735,40.931015,-2.6641688,-22.264406,15.051382,27.006401,0.0
-31.582392,39.371193,42.372223,65.90102,13.222165,-35.268543,70.21458,79.67925,2.2294822,-14.758891,21.57331,26.233625,1.8061831,7.755285,10.684354,13.325246,0.0
19.682928,-4.784533,10.142845,22.653872,-18.164288,-34.33062,-38.71715,54.84124,22.688463,-13.241661,5.9835777,26.942944,5.9697967,-6.7421565,1.4668858,9.124585,0.0
-20.708492,47.56314,80.933525,96.13188,37.674053,-24.752237,-95.139854,105.278725,-18.554441,6.5809417,9.284569,21.76673,-9.078848,-30.51038,3.9848695,32.081135,0.0
-40.63968,0.3792352,-58.795025,71.47443,16.89416,-0.35445917,-11.058538,20.195068,10.642924,1.8485109,0.58985245,10.818869,0.8509243,-12.581171,-3.1754992,13.004034,0.0
-22.286394,-25.972612,-56.60724,66.148705,61.806507,56.482197,17.96943,85.63407,-27.17778,32.169563,43.670864,60.668507,16.891272,53.248093,-52.163704,76.43127,0.0
-53.901028,-20.7557,-87.14931,104.55201,-6.3299,-43.200554,6.296262,44.113472,8.997162,4.9569964,-8.635637,13.420362,41.778515,32.498955,-21.207592,57.021046,0.0
52.55648,-33.576004,-39.09455,73.60657,-199.96336,-31.203701,-62.87196,211.9243,57.941257,21.001242,17.843569,64.161095,91.807,48.717377,-0.86401933,103.935875,0.0
-31.450775,13.452421,-19.603577,39.42612,18.842075,-2.4943082,-13.794898,23.484987,10.100008,-3.6400757,3.110832,11.178048,12.2888565,-9.143066,-0.5672174,15.3279,0.0
-0.36234438,-61.169388,33.694378,69.836494,-30.181988,38.96048,-14.147712,51.27406,-2.3601384,21.933153,15.653649,27.049404,-1.2154033,11.0404215,7.8611374,13.607555,0.0
-1.8032058,41.616997,25.074347,48.62057,-72.59124,-19.794033,-53.01162,92.04094,49.28332,-39.545345,41.468872,75.58015,16.392694,12.496099,6.834389,21.71619,0.0
-20.491806,79.564674,-34.919662,89.27393,15.6564865,21.154032,35.502872,44.193584,28.943428,27.351736,80.88207,90.15409,7.2205715,-26.936977,30.300587,41.180992,0.0
-97.22405,-1.4680424e-05,-143.84888,173.62321,15.878878,13.182413,-59.033516,62.536953,97.0879,-1.1323111,-91.74516,133.58342,-5.9433193,-16.489025,-76.62898,78.60803,0.0
33.665825,23.913662,54.71452,68.54882,39.368385,4.664134,24.310297,46.504036,-37.322693,3.52172,175.00484,178.97511,-18.871183,-22.17701,139.2245,142.23718,0.0
-36.836746,-25.760534,28.694426,53.32853,-44.16246,32.21483,78.92777,96.008965,28.535093,28.858114,14.264343,43.017727,41.230495,18.605207,54.4511,70.788704,0.0
-88.56568,-11.713828,-210.2457,228.43895,51.104813,12.757498,182.97916,190.40964,18.935976,0.005889037,-8.78716,20.875475,18.924137,5.9029374,-43.242207,47.569485,0.0
-73.119156,-57.732517,-82.95158,124.7414,21.092113,60.082947,-65.85852,91.60886,31.371384,-23.11662,-97.45532,104.95753,9.950977,20.189854,-36.594532,42.962914,0.0
36.16845,8.451449,-101.83694,108.39901,-5.358979,-34.546574,-4.595286,35.260475,27.153696,24.017447,-67.18063,76.33747,-45.70969,-17.499756,-49.01735,69.26997,0.0
57.604424,-141.62474,470.2208,494.4527,-21.061516,-11.405864,47.559006,53.249897,-46.65887,53.9843,131.90485,149.9675,-1.1276189,95.88607,377.26517,389.2614,0.0
52.568718,51.275158,152.77534,169.50792,-17.118301,-42.55429,-90.68235,101.62285,16.042433,35.11316,-25.286406,46.14875,-6.472081,-15.614837,-0.56496316,16.912756,0.0
9.8353815,25.575329,-44.45533,52.221832,3.1659043,-30.538635,-113.50399,117.58316,-19.586618,6.0184298,-123.76359,125.44837,17.750845,-1.050011,-104.79641,106.29437,0.0
20.750046,-14.551728,-19.959972,32.260155,14.351548,-12.525895,-37.19221,41.786667,-20.730679,26.895586,-62.917458,71.496506,-4.9583325,-6.379829,-4.3183026,9.162214,0.0
86.309395,57.971367,-255.63477,275.96945,-30.650288,1.6146995,-116.991486,120.95063,-40.169907,-56.495174,-47.239548,83.88631,8.958624,29.081099,-47.967026,56.80505,0.0
-102.5712,-41.720825,-190.9217,220.70926,-17.484438,-65.83164,-31.263418,74.94606,21.642239,21.40345,-30.730377,43.253326,17.66414,-11.868989,-18.899944,28.462303,0.0
-55.514095,53.87503,-5.054073,77.5234,-17.796028,-67.68003,109.97006,130.34839,48.042,-24.259224,-10.349746,54.805664,-0.55850106,36.219746,63.9509,73.49761,0.0
-20.29318,95.18077,-48.77931,108.86053,-69.98893,39.44115,8.2493305,80.75955,34.19487,-39.436066,-117.858795,128.89992,-38.864674,11.923561,-88.0583,96.98916,0.0
-52.927876,-3.060134,95.63799,109.34967,26.697325,-31.208431,87.10374,96.30044,57.332787,-0.93563837,18.369036,60.210934,-37.944878,5.5717907,39.005028,54.701572,0.0
-103.01829,27.898018,-621.6653,630.7605,51.857403,-12.344635,-22.996801,58.055428,-14.440909,45.33399,-41.27712,62.98818,8.061015,-23.086695,-115.59977,118.15787,0.0
55.017685,-45.533237,-87.143845,112.66891,-40.508587,46.52255,-12.805288,63.00222,-12.504999,17.690914,-104.42902,106.652596,-5.5914426,-18.530231,-69.21069,71.8663,0.0
-17.291578,-27.739763,12.015707,34.826447,-37.342777,111.402176,147.00618,188.19073,98.45276,-149.6205,47.767166,185.36708,-37.462498,51.065773,245.25108,253.29678,0.0
-30.736454,-8.784271,-6.705193,32.662712,24.53371,-7.7138233,38.246143,46.088757,-18.161776,9.769536,14.068107,24.964085,14.05374,-4.469239,21.931814,26.428888,0.0
-21.975487,59.560593,-70.96216,95.215614,-39.375504,-61.203945,48.27396,87.33114,31.137997,10.980038,-7.6147695,33.88393,18.585571,-20.030748,-28.51144,39.491222,0.0
-32.104202,99.23745,291.45905,309.55957,-14.373633,12.632546,35.084995,39.964226,-2.4292426,-107.151535,44.433353,116.02451,61.08408,-157.88942,10.213112,169.60144,0.0
2.6442053,42.276062,67.150475,79.394226,39.509613,-6.954004,-6.6063128,40.657238,12.507726,4.793066,33.842476,36.396988,-55.14774,-35.95369,-26.083725,70.81181,0.0
-16.803514,-33.620224,-123.827866,129.4064,-0.6970431,35.355682,-180.36789,183.80174,-20.67586,33.438293,-38.77233,55.216984,32.887318,-37.643482,-53.08179,72.91293,0.0
-46.55818,-7.228454,144.7467,152.22195,39.680153,10.023876,197.63033,201.82355,13.4199,-34.945908,0.9136469,37.445225,-9.038096,27.668892,70.684944,76.44354,0.0
56.13135,24.77078,49.93927,79.10911,5.862737,-55.78875,138.76431,149.67393,-37.982437,6.099475,44.885777,59.115158,28.438732,-2.0964494,-3.6990128,28.754814,0.0
14.265791,-35.80267,-7.4408264,39.252018,-2.144956,-16.50514,-3.980569,17.113636,-19.778517,46.034912,-32.473007,59.70687,4.4729214,13.679354,-14.7082615,20.57853,0.0
-81.758835,-53.81591,132.58603,164.80203,67.44085,39.48111,89.02306,118.4573,-22.250002,-11.332649,60.743942,65.67586,4.739014,24.032787,46.30933,52.388805,0.0
82.72236,-26.486673,-58.114605,104.50761,80.66023,48.90487,-190.15167,212.26262,37.93002,-42.207596,-103.99124,118.46664,-18.395924,-29.581854,-5.2965403,35.235626,0.0
31.997034,-53.326286,47.250713,78.10335,24.62883,-52.10997,-56.12059,80.44594,-16.172438,32.151,-23.192484,42.815018,-21.546484,27.197945,28.782398,45.08221,0.0
-32.736378,-35.08135,-11.054101,49.23987,52.17254,-9.116487,12.004504,54.306465,-34.38293,-40.17722,58.099182,78.56158,12.319766,33.85704,16.628223,39.681038,0.0
-53.50878,21.144836,11.330074,58.640125,-18.718966,-20.173256,-65.56678,71.10811,73.21985,-45.71965,38.97971,94.71464,10.172024,37.783882,20.539013,44.192238,0.0
-65.11965,7.172585,-102.37528,121.54305,22.294506,24.434027,-14.1323395,35.969288,-2.6688192,-17.82524,-20.586502,27.361961,29.878391,-28.53735,-239.2028,242.74492,0.0
-38.789608,-35.050293,-125.21578,135.69136,25.200344,14.167122,-22.36875,36.553055,21.0111,7.681391,2.6697495,22.530176,25.489153,37.29592,249.97214,254.02116,0.0
63.570427,-10.99915,19.3059,67.34165,-11.306748,-38.226196,-29.15462,49.38701,-10.150652,1.52116,19.392084,21.941143,-20.80578,-3.7064376,33.332268,39.46732,0.0
-70.041306,-39.191956,-265.7172,277.5742,40.53889,10.790872,-159.89326,165.30487,5.1601095,29.355318,-81.671684,86.940346,13.387049,1.3244585,-17.73739,22.261677,0.0
44.543762,49.201813,30.846678,73.187996,-41.126495,13.801456,24.311895,49.728634,59.039413,-22.046785,16.448084,65.13267,-32.14485,-3.653942,-9.798655,33.803368,0.0
37.294827,20.90297,54.101654,68.95525,-17.482237,-11.7412,10.328265,23.455435,-11.815775,-7.9214134,6.99134,15.850557,-5.5701847,-6.0101004,6.53476,10.480999,0.0
-337.43808,118.15824,-189.08426,404.4486,233.35532,-108.065414,-42.725445,260.68814,-39.31738,28.768156,-67.81234,83.49836,18.864687,15.099683,3.909367,24.477745,0.0
64.37802,-26.234844,201.94864,213.57918,-23.600584,-42.93627,2.4101486,49.05437,9.638634,-29.19081,108.40647,112.68088,-3.9539547,32.878124,54.40015,63.68667,0.0
-53.74005,46.16167,-113.23093,133.56697,-42.359486,34.99597,-38.712116,67.21363,-11.059183,19.361101,7.8174634,23.627748,-10.780826,8.92028,-9.868997,17.122929,0.0
169.4673,16.509369,100.65751,197.79701,46.380524,-30.60355,-4.4929566,55.74869,-36.252415,38.229485,-21.178463,56.782555,-39.611126,99.76263,-218.42719,243.37637,0.0
54.525433,14.546959,22.79513,60.862587,-18.34013,-28.65844,44.899063,56.33464,-23.411526,-38.247402,9.946252,45.933674,4.6771617,29.81285,63.972786,70.733376,0.0
412.53864,-6.8486447,-182.75737,451.25964,-202.23367,-16.64488,-17.320097,203.65533,87.75278,7.0934806,-89.95221,125.866066,-7.17645,-10.947936,24.217833,27.529295,0.0
17.585571,30.168695,-0.2715286,34.921,23.40565,-17.407888,-56.4184,63.51295,8.14055,10.504246,-17.315832,21.827894,8.089911,0.6450808,-1.699666,8.292335,0.0
6.3576508,37.186157,49.452347,62.19939,14.982148,-27.80384,-12.609065,34.007454,-24.504564,-4.9208064,133.37788,135.6995,11.972341,-10.52299,-8.717135,18.167519,0.0
106.03308,-58.406498,-18.339972,122.43647,-107.43516,53.670475,-203.58966,236.37172,14.928007,-54.053616,33.946682,65.55163,-0.5028768,53.415714,-65.56809,84.57343,0.0
-4.8906054,-28.547207,-26.545282,39.287567,11.835285,16.70306,16.644876,26.38405,13.920246,-1.6577792,-19.345417,23.890959,0.754393,7.1743813,-15.358901,16.969027,0.0
-25.808226,46.474472,79.56677,95.69124,-22.764023,-38.895412,138.06865,145.23775,-1.7466128,20.643227,-59.005657,62.53697,34.50776,-15.775607,17.552927,41.80636,0.0
-19.404146,-11.00713,71.60419,74.99899,86.29675,-8.844013,140.37653,165.01797,-13.785232,47.36102,-178.89934,185.575,-23.491892,-38.96388,-223.73961,228.3188,0.0
29.9674,-19.931154,-193.90686,197.21857,-29.730915,-3.817505,-169.059,171.6958,17.412102,-4.236759,-56.925682,59.679775,10.345223,3.2906055,-35.107056,36.747356,0.0
67.69731,-76.87531,84.65727,132.8894,-33.51125,52.19513,-39.362526,73.46253,-17.620132,53.10377,68.37925,88.35271,-5.011793,-11.506929,-18.637503,22.469624,0.0
9.0920725,-63.03084,-120.008804,135.859,-6.0908585,46.51405,-78.81809,91.722115,-14.262716,29.42809,-84.75273,90.84313,9.567985,2.366339,-37.996258,39.253952,0.0
-37.353745,-51.290134,-40.858932,75.46816,11.638627,27.751802,20.649342,36.49694,-60.767563,21.48328,-49.25306,81.117836,49.674156,-29.680315,-34.65087,67.44729,0.0
-66.02677,-12.824634,319.93332,326.92712,31.62626,54.122307,207.40475,216.67067,19.729328,-19.04005,49.108665,56.244385,2.9527354,21.888842,-3.1586952,22.311823,0.0
-42.621708,6.8885493,-59.15411,73.23443,73.006645,-129.55191,-17.483345,149.73093,-32.260483,79.49485,-18.96743,87.86322,21.19284,16.049393,-6.313758,27.323875,0.0
-26.068241,44.705826,137.12808,146.56837,-16.48418,-20.942692,-65.412346,70.63364,42.721657,30.17612,-29.771465,60.183796,8.4981785,-26.201536,78.68297,83.36522,0.0
48.20172,47.07454,42.816956,79.829254,20.877237,-46.32303,9.354543,51.664204,-39.383713,14.587802,27.900337,50.42132,-25.330067,-9.951325,79.07842,83.63037,0.0
-70.6905,34.40098,-155.66286,174.38893,16.510555,19.35505,-112.81261,115.645584,33.568195,-74.69089,25.465307,85.75573,-46.28403,-14.653051,4.782698,48.783283,0.0
75.50337,12.981432,94.56906,121.706955,-26.438507,14.660978,25.28497,39.41153,26.230812,-9.0510845,38.68147,47.605095,-56.952793,-30.47151,8.196959,65.110176,0.0
43.74502,17.47258,-30.298443,56.008156,-24.393307,-18.85831,-13.448007,33.638046,-13.803806,-1.714002,-11.115015,17.805235,-9.001705,-1.1547513,-7.2574773,11.6204605,0.0
52.112606,-54.810947,37.397022,84.37127,-73.70872,-7.4897933,-48.822548,88.72838,-1.1847556,34.738747,17.345636,38.846706,12.050244,31.028019,0.5021329,33.289783,0.0
-39.697956,41.337627,-88.35323,105.31397,-10.374381,-31.661394,-77.98626,84.80531,-15.837496,-37.32162,-142.07861,147.75003,-24.995388,-24.467413,-164.43484,168.11382,0.0
-130.64717,-14.933356,18.550823,132.79993,-120.98104,-23.855965,-41.609947,130.14188,29.840317,33.689384,-15.2958765,47.533085,247.93524,4.9308996,-191.41107,313.26413,0.0
297.1209,-56.222935,-531.69006,611.66675,27.443996,-28.732248,-118.61111,125.0892,15.689683,0.91533893,-12.460895,20.057146,-36.801186,-177.32698,-657.30963,681.80286,0.0
-85.14612,46.874306,285.71875,301.7984,9.528419,43.90943,248.97635,252.99814,-12.564737,-5.7269506,29.901207,32.935585,-6.7138605,-3.0114598,15.925243,17.543037,0.0
-119.388565,-32.240196,159.83392,202.08894,84.15555,-32.535355,343.7302,355.37466,-33.648865,-50.013847,37.406174,70.942604,10.574692,17.164255,30.836414,36.841827,0.0
-31.301577,-18.289503,-3.5480034,36.426403,35.853096,12.69597,-79.06624,87.73882,-40.515636,-12.404594,-31.772278,52.961113,33.906063,16.726038,11.231022,39.440193,0.0
-11.606957,29.403193,-10.67783,33.366096,3.8720546,-39.27298,-7.413891,40.15391,10.176493,-46.48641,-73.29856,87.39129,-0.7329801,52.2518,-9.867863,53.180573,0.0
-86.58647,7.664989,-73.38911,113.7626,54.392395,-30.02294,-107.98361,124.58078,23.963726,47.76475,-48.75915,72.34077,12.448042,-19.229452,-18.974035,29.744572,0.0
2.6643715,42.493027,49.735584,65.47049,-29.410894,-20.393875,-15.689192,39.077633,-4.4253893,-11.448228,28.587912,31.111506,-10.518417,-11.298817,26.64394,30.793037,0.0
-66.01481,-7.200173,-297.57156,304.89117,-4.383943,-36.754704,-49.435074,61.75721,-22.397633,-10.000662,-40.13527,47.03741,76.95531,27.029299,-90.157104,121.5772,0.0
83.66697,59.142372,-110.053734,150.36559,-37.67701,-66.529976,-342.421,350.85315,-23.986855,24.99544,-32.77394,47.68933,-25.321785,-17.74913,-18.486362,36.02735,0.0
117.01612,-4.4068556,-50.752354,127.624435,-17.427156,-13.279325,-99.463936,101.84851,-85.29193,90.31326,119.95673,172.68709,-369.09882,-66.49273,585.5451,695.3548,0.0
-49.08401,15.037969,-70.783554,87.43965,29.974321,-13.744798,-56.370613,65.30716,52.49101,23.580278,-108.29746,122.6364,-26.335049,-21.307905,-28.184673,44.067547,0.0
-5.562134,62.043285,43.854336,76.18076,-9.714549,-29.600458,1.305439,31.181143,-27.42006,-26.328447,-10.195866,39.35751,45.28556,-4.881476,42.00127,61.957474,0.0
10.484356,17.771612,4.0224566,21.022446,-105.13193,69.14796,238.162,269.36093,21.577753,-12.400624,128.00308,130.40005,-8.145261,-35.461777,151.53873,155.84569,0.0
78.13588,96.60674,-120.09808,172.80518,-39.454338,-67.92786,-354.69846,363.29303,-23.045736,23.936981,-11.526328,35.170177,-20.158068,13.407135,-24.778992,34.64242,0.0
-47.993332,-25.067318,32.870735,63.342052,30.895002,13.802456,39.348587,51.897205,51.942627,87.57855,54.7924,115.62983,21.889303,-0.405915,80.53293,83.455795,0.0
29.217678,14.22874,-40.834873,52.18828,-10.041894,-22.955273,-12.02696,27.79266,-15.824291,10.284319,-17.814274,25.952335,-10.053397,6.5192184,-11.276729,16.454046,0.0
14.479611,-41.61279,-15.505544,46.708725,-9.88068,42.53563,155.58472,161.59674,-19.38864,5.7920885,-108.53623,110.40644,-5.2387624,-12.803604,-6.916527,15.466585,0.0
19.293734,-40.281887,-20.810566,49.274315,-19.272251,12.756328,12.09226,26.083832,-13.315201,8.721374,8.312017,17.956797,11.122924,3.4381886,45.16498,46.641357,0.0
-3.2784958,25.255371,42.612408,49.64272,-12.370054,11.139127,21.175947,26.935465,21.234814,4.313191,71.89273,75.08726,-27.669266,-24.452396,21.008617,42.48389,0.0
59.69984,46.96652,-153.47942,171.24794,-25.458277,-13.473997,-57.65842,64.45282,-28.634136,-6.60143,-5.304442,29.860355,-20.843828,-17.2277,-17.012976,31.94857,0.0
54.47434,48.48152,-97.86245,122.044945,16.531738,-24.187685,-117.85299,121.43999,-97.84737,-15.992427,27.340107,102.846275,7.7388873,-28.688168,10.285285,31.443594,0.0
64.05807,-41.438324,-155.68814,173.37637,-23.644682,10.411991,-36.86225,45.01451,-37.62259,-22.49398,-79.000114,90.34638,-0.68368965,18.025665,-1.7184259,18.1206,0.0
-108.2396,-33.68574,-346.7259,364.78674,14.011177,-15.36854,-26.30838,33.53559,-27.20575,-50.97013,-93.04639,109.52511,-19.300753,36.83954,-37.14455,55.76199,0.0
-34.958473,58.85273,-51.362633,85.57961,-2.701436,20.609901,-33.674244,39.573116,0.1787528,-31.871346,-19.225628,37.22164,55.33564,-66.03788,-381.59003,391.19562,0.0
-7.069296,51.777664,140.23898,149.65921,31.1068,-36.83662,27.746885,55.62786,-15.695005,-24.017496,40.764313,49.848797,12.580433,-6.6532693,18.263206,23.153358,0.0
35.242058,-19.758492,-207.04634,210.95163,-34.98599,10.528185,-50.755493,62.537846,9.963361,-2.0596876,-38.644066,39.961052,-18.635262,-8.81952,-80.90861,83.49413,0.0
-42.444145,9.546611,-26.836073,51.11573,23.131502,-1.6765043,-17.788895,29.228786,6.440109,-8.011396,3.558644,10.877565,9.022212,0.013399135,-2.7280097,9.425632,0.0
91.0821,-101.53732,-218.32259,257.43063,-15.747332,-20.113909,-100.67964,103.86981,-11.538541,92.16326,-359.17545,370.99088,-0.62945753,7.1660004,5.2466154,8.9042635,0.0
-43.31175,46.552418,38.30598,74.23196,25.642975,-55.943195,107.57145,123.93071,-0.47082824,31.20507,106.78633,111.2533,16.462305,-10.9790325,-13.748157,24.094782,0.0
-4.4245358,37.848354,15.84238,41.268227,11.718562,-44.212482,-7.983566,46.430775,8.130111,-10.88313,16.043905,21.022827,3.0676336,-7.4491873,3.0024948,8.598076,0.0
26.277746,39.37276,-43.11233,64.02661,-9.185774,-47.08458,91.12013,102.97677,-44.57424,-5.211675,-106.43073,115.50552,28.487604,28.063852,24.403202,46.84698,0.0
-38.90597,1.4972728,33.46277,51.33881,-11.4115505,-31.958178,-48.168907,58.92192,80.487686,34.202717,-150.95143,174.45468,-21.911642,2.7964406,-87.83426,90.56936,0.0
-21.691767,-33.99151,-5.668807,40.719666,8.480597,16.023552,-5.0224266,18.812218,15.998117,1.127342,-3.8765628,16.49965,7.272643,13.6709385,-4.2848983,16.06693,0.0
19.256813,22.713627,-106.26195,110.35549,19.001402,16.065973,-38.350998,45.716167,14.004125,11.892438,-28.33515,33.7702,3.184311,9.779366,-2.929567,10.693838,0.0
-32.581814,-87.50106,2.8674395,93.4143,-24.387268,-61.66531,28.359991,72.12239,17.13089,26.607172,14.878282,34.968163,-2.2210479,26.160072,-1.1164266,26.277916,0.0
62.180607,46.97578,-139.20294,159.5325,-12.773328,22.623003,43.47103,50.642864,-11.56288,15.993455,6.8876605,20.903154,33.253063,-61.542118,263.50555,272.63232,0.0
28.063272,71.52883,25.399664,80.926285,1.9636434,-60.63626,19.645386,63.76953,-40.815063,7.7700567,32.327114,52.643005,11.446192,-25.374403,-68.451256,73.89485,0.0
-48.331585,-26.539394,-79.109604,96.42937,-26.553995,-21.96177,70.84322,78.77949,-26.901741,-31.58831,16.907423,44.803986,27.67131,25.812923,1.2056966,37.861237,0.0
55.786713,-33.574326,-40.865673,76.8726,8.787589,-54.7531,-152.59068,162.35468,-34.623524,93.6215,174.8361,201.32423,-5.634094,-18.526611,84.714905,86.89997,0.0
-69.3197,-19.44615,72.1738,101.94327,61.684505,30.194683,81.61446,106.665924,9.800103,-61.52589,45.972527,77.42706,8.9044695,56.747276,211.87231,219.52089,0.0
-0.04217295,58.394005,11.540865,59.523552,-1.1205101,-39.743263,15.986733,42.85275,12.220463,-47.551537,-18.656036,52.521877,3.4461586,16.517406,-83.20725,84.90088,0.0
-19.909735,80.65043,14.4161005,84.31325,-16.72805,-66.148994,368.3946,374.65997,48.445908,95.35978,102.199455,147.93658,-56.852135,6.578215,263.34213,269.48938,0.0
-21.828104,-72.57179,42.788742,87.02877,1.8594546,33.6182,33.450798,47.46153,-10.362634,2.1273942,35.66284,37.19877,8.334377,0.2795508,5.9704843,10.256056,0.0
-12.311932,54.797497,-52.65531,76.98663,9.301091,21.727608,30.628504,38.68741,1.4616008,-26.423332,11.033031,28.671724,-0.07260363,-57.86431,307.44217,312.84018,0.0
-84.061264,36.002235,-211.22452,230.17004,77.6403,51.43669,-208.33698,228.20615,-39.359863,-54.632698,-14.156295,68.80648,1.4600384,-19.299673,-9.347207,21.493706,0.0
34.702614,-72.94555,29.907713,86.13823,-7.1224008,21.91251,13.288859,26.598505,37.999054,-13.138164,-62.98759,74.72608,-86.526115,25.304329,-77.75172,119.047966,0.0
-56.042816,23.33226,-48.84315,77.915634,-28.480412,1.2828377,37.82938,47.369205,44.32893,-20.481747,-106.8603,117.48911,33.491894,-2.5495868,-182.02437,185.0975,0.0
-96.76205,-96.61024,29.245365,139.82747,-9.9927635,-65.96336,-32.000397,73.99356,9.299362,13.784038,-2.474236,16.811033,-9.196074,73.76125,-25.637169,78.629295,0.0
-16.898796,-46.562214,-109.61861,120.29073,2.445674,24.172812,-33.99497,41.784866,9.13744,7.666708,-28.916176,31.279829,3.203082,6.456626,-20.093763,21.347557,0.0
-89.59924,-7.6826987,-14.347932,91.06542,65.87804,6.497973,-33.78749,74.32183,6.6002817,-34.25557,-33.78838,48.566063,9.977056,24.104874,-29.79886,39.605034,0.0
19.029467,28.576841,77.20234,84.492355,-12.473805,-27.669607,38.236816,48.818615,12.70203,19.199741,35.97049,42.70653,4.857631,7.3817053,13.820514,16.404047,0.0
38.406513,12.133292,71.75158,82.283516,-0.20535597,-36.109062,3.3312907,36.263138,-45.487404,45.128162,51.67117,82.31388,21.52146,23.110949,28.174597,42.321487,0.0
-1.9509623,-33.13484,55.520428,64.6858,-9.928839,-37.633667,99.998795,107.30632,29.217909,19.73316,-16.340448,38.860073,-16.15474,48.351696,44.758457,67.83946,0.0
-15.693573,-46.05642,-26.767645,55.533676,6.580905,15.552635,-16.95116,23.927698,13.905915,0.86702466,-11.378202,17.9886,5.1979117,12.21588,-13.30843,18.79788,0.0
8.042181,-33.558372,5.1597304,34.892174,-14.395937,20.820951,-1.2012998,25.341627,-17.360888,2.029982,-12.530246,21.506472,-9.260728,1.1150377,-6.6986594,11.483747,0.0
-20.4228,45.54555,28.245443,57.352356,4.258341,-17.659544,-1.0632685,18.1968,27.312346,22.683506,18.588259,40.07543,-10.5599785,11.223706,48.882137,51.253876,0.0
-37.94043,-26.650587,22.628912,51.592613,40.58353,10.030901,51.36789,66.22916,19.899103,-8.595398,-19.174517,28.940084,-13.431963,18.267097,36.642216,43.090225,0.0
-33.622025,27.605038,-6.5065503,43.98652,30.78477,-18.178818,-52.80974,63.77335,-16.070364,1.3768862,68.31145,70.18979,13.89191,1.3694704,30.655867,33.68446,0.0
64.49332,-8.051327,3.7901397,65.104355,26.293259,31.650278,68.76902,80.13896,-14.513876,12.844387,43.20567,47.353695,-109.47299,-41.430603,6.8955355,117.25354,0.0
-46.403603,-37.56711,40.729588,72.27366,-42.34015,57.281513,139.50221,156.63564,45.72204,-3.7493474,139.90152,147.23111,45.24361,9.575811,231.7974,236.36563,0.0
2.6903648,-36.49472,-0.88731325,36.604507,6.458794,25.014797,-24.724712,35.759857,-7.8819513,7.242312,-12.866738,16.737394,-5.826113,6.5652165,-7.0456862,11.256044,0.0
20.016941,42.77203,-6.8319025,47.71582,-10.504043,-13.1899395,-4.2930307,17.39941,0.7157599,-15.398218,8.697597,17.699312,-6.24386,-7.8655815,-2.555581,10.362633,0.0
-12.733645,-18.700459,-5.46632,23.27541,-37.28257,-8.419968,-199.65175,203.27745,23.476994,18.395376,-16.997929,34.32929,1.9874358,43.973606,-180.83057,186.11105,0.0
26.882185,27.325596,99.35312,106.49129,32.5736,1.932274,100.3565,105.52825,-22.53629,-9.280748,24.67155,34.680157,-48.746082,-15.29404,268.67075,273.48505,0.0
42.765472,-27.315529,20.754879,54.825077,-4.151433,46.249786,49.934353,68.188835,-47.342453,2.4097042,98.76782,109.554535,0.95906186,-10.78389,2.001659,11.009937,0.0
-121.54321,72.979294,-87.84308,166.77873,-19.382307,87.54473,-40.280556,98.296936,-18.149311,18.509758,11.018412,28.167805,11.336743,14.834006,-99.380455,101.11902,0.0
41.37759,-26.203382,-42.19506,64.64631,-19.61894,-17.700418,25.73195,36.8828,-5.8128924,20.270187,22.017042,30.486395,-4.4845653,15.500819,16.851828,23.331757,0.0
80.55786,7.729014,-7.3740172,81.26305,-21.374128,18.576881,10.849849,30.326113,71.32031,91.153725,-44.31121,123.93177,-280.47693,-152.41843,58.537758,324.5387,0.0
-38.1915,24.529213,-8.096332,46.106655,9.107847,-27.79001,53.54985,61.014946,29.423574,-22.0374,-107.80701,113.902405,0.16067557,-16.915499,16.39273,23.55616,0.0
-152.97899,98.167786,17.154186,182.57533,-93.62153,67.84668,45.155323,124.1256,49.873684,-74.10654,77.505974,118.263855,7.4421973,-21.282932,40.219814,46.10838,0.0
-0.8713705,38.356804,-46.964535,60.643806,-18.637003,6.3291154,-88.21475,90.38384,53.656162,-10.903933,-43.73173,70.07392,-36.65007,-20.69862,-14.833365,44.62847,0.0
3.7113206,-58.776436,-18.613276,61.76485,1.7139959,28.155796,-47.479794,55.226963,-20.84937,-5.8790517,-10.248547,23.964392,-0.75264114,8.322082,-9.323319,12.5198965,0.0
-16.810045,28.895979,42.12728,53.779762,22.414776,-44.48362,105.22093,116.41589,2.0900774,64.175804,79.732254,102.37258,8.489772,-20.051546,-4.087569,22.155363,0.0
54.02913,35.632374,-0.32263824,64.72184,-13.515309,-20.061138,-42.821026,49.18082,17.763777,9.672768,-27.600761,34.21882,-39.5547,-15.047468,35.272614,55.09237,0.0
35.78981,27.312605,29.600029,53.879967,-16.490671,-35.784775,-3.1384685,39.526478,13.587534,31.556135,45.997856,57.412663,-29.432507,-14.276436,-12.924095,35.172733,0.0
-22.650618,-45.45821,-240.6326,245.93404,-13.497081,48.687893,-98.70612,110.885445,37.76761,13.552512,-152.72845,157.9115,-10.62078,-14.41836,3.3522966,18.218891,0.0
158.36949,43.90439,277.2524,322.30017,12.395641,-22.626991,68.21338,72.92948,-3.9633355,11.2952795,-1.3240975,12.04391,-87.428955,48.720562,156.69868,185.93549,0.0
14.205028,24.19049,43.0824,51.41077,-26.311613,-24.031437,-23.360975,42.609356,36.343426,-19.058538,-43.93652,60.120724,-17.079163,51.375988,-11.77734,55.40674,0.0
-97.885376,-18.165236,88.68114,133.32622,-98.457664,99.79591,-163.43953,215.3268,18.77399,26.693968,-29.931257,44.2823,19.905163,-28.33138,19.637327,39.80601,0.0
55.08428,-24.76289,11.606949,61.499588,-10.693113,54.541096,-4.4828033,55.759926,-18.911152,-39.14909,-58.974644,73.26862,-24.997128,21.422901,25.52332,41.656174,0.0
-23.635233,30.284237,220.72092,224.039,35.455975,-2.5382159,18.768173,40.197178,10.246132,6.480516,5.1723866,13.181239,-45.31688,-61.301018,395.73865,403.0143,0.0
-22.105053,137.00604,-45.168785,145.9435,-100.75424,92.340034,-71.33876,154.16653,16.916384,8.965652,-50.508343,54.01518,8.732479,4.666157,-26.107986,27.922325,0.0
-15.11551,-32.970226,44.15931,57.14507,-24.655144,9.463946,55.740887,61.68054,-22.856295,36.19301,80.22443,90.930275,47.807358,-20.51609,92.29738,105.94938,0.0
-16.244354,-22.904827,42.66173,51.073807,0.47102287,23.760855,-8.248684,25.156328,10.391163,-5.252864,24.396114,27.032188,8.6255245,-3.93743,8.968167,13.051094,0.0
-55.09894,-39.17888,-213.51324,223.96155,-20.894197,41.63228,-131.73987,139.73264,-24.172848,-10.619278,-61.982136,67.3713,89.62603,31.539986,-43.30188,104.4158,0.0
24.087652,125.71237,626.25726,639.20416,-3.2846463,54.73411,35.220554,65.16978,9.883092,12.907524,10.611124,19.413284,1.8371291,-14.168116,68.62509,70.09646,0.0
47.15193,4.0033054,-60.665836,76.93949,-10.286962,18.55134,-31.194948,37.724125,-21.790937,-0.6629335,11.752728,24.76736,-16.871763,5.5544477,-3.9297442,18.19237,0.0
63.00605,-25.321608,-150.19313,164.82999,-28.837069,-17.119179,-28.089956,43.745728,-2.0005481,-22.779663,-106.8102,109.2307,-46.3853,83.13472,-494.33096,503.41443,0.0
8.46705,-81.781815,-127.2042,151.46242,-10.774506,-35.38462,7.8410263,37.810623,8.730342,97.47161,16.202532,99.19409,-6.1790237,15.065248,9.18853,18.69712,0.0
-96.32233,101.6621,-212.35446,254.37688,-35.764885,60.55072,-269.01862,278.05853,14.7295885,62.25216,-124.91466,140.34235,21.227459,-21.144482,-163.4191,166.14302,0.0
72.16025,-15.685146,60.53754,95.487785,-23.472563,18.139343,14.25813,32.91339,6.002741,29.570988,74.85071,80.70388,-52.96947,-28.821161,74.77246,96.059135,0.0
-5.991783,33.74491,79.074875,86.182686,22.67201,-12.34787,32.58312,41.57102,-9.952186,-9.473992,8.539117,16.177732,-6.336724,-5.9900217,5.4289255,10.271692,0.0
-79.80072,-88.162056,84.840744,146.07756,-57.82231,18.757711,25.560228,65.943886,71.71338,75.67034,254.88457,275.3815,31.518642,-13.161632,26.504152,43.23349,0.0
69.8111,-10.865011,-30.447216,76.93297,2.4065664,54.262688,-17.870369,57.180347,13.74582,-41.452545,-11.316997,45.114815,-2.4783423,-10.547818,-0.0011539086,10.835581,0.0
-30.355326,-57.132053,-173.95296,185.59406,33.61259,11.631387,-139.29063,143.76013,35.72465,4.463873,-62.534557,72.157875,-42.449894,40.397038,-31.165457,66.371765,0.0
35.210495,43.663673,-9.539098,56.897186,32.301777,-14.520902,-18.40426,39.912132,-34.74689,10.095984,-65.07089,74.45466,-9.909476,-33.41795,-37.46958,51.17545,0.0
-22.687702,53.824574,-64.90209,87.316086,-13.105374,-26.869741,5.9239473,30.476664,2.5530238,18.495636,16.494732,24.913506,-13.586699,12.790232,29.727303,35.098446,0.0
43.93631,74.98597,-13.181217,87.90357,14.963971,-21.21793,22.526125,34.373642,-57.160503,8.75467,64.97445,86.9808,2.872151,-35.08182,143.14728,147.41145,0.0
48.913643,-24.427528,67.54892,86.902916,-33.925434,28.416563,-71.7202,84.27476,-24.6132,-47.685493,-185.03633,192.66077,-9.027819,41.749706,-210.52332,214.81299,0.0
44.38024,12.175684,-28.765858,54.270874,-17.991116,-3.2841208,-9.551575,20.632456,-16.592749,-7.2966113,1.6011044,18.196796,-11.084397,-3.9294102,-11.359799,16.350815,0.0
-3.0419154,26.764898,25.358978,36.995823,-2.193745,19.944023,18.865015,27.540249,-34.16322,-30.929552,117.56278,126.272644,40.67086,-15.232,39.054054,58.40687,0.0
67.276115,2.088645,-168.50832,181.45383,-31.68912,11.688117,-123.56602,128.09909,-10.29449,17.181967,-55.07982,58.608826,-8.727495,1.5925024,-45.409958,46.268574,0.0
5.521389,-62.76835,-60.740936,87.520355,36.251133,30.177435,-30.114113,55.961437,-37.772137,29.888142,37.348328,60.950344,-8.442548,15.688842,11.40281,21.153053,0.0
-20.344236,39.574543,-22.241997,49.746746,43.692104,-16.870512,89.62739,101.12706,-4.5968103,-44.89545,-49.191193,66.757065,-23.08221,-2.7606568,-5.727858,23.941973,0.0
79.70205,-23.373753,12.612635,84.01088,-23.187147,-1.0438272,18.652895,29.776901,-9.704642,-17.142334,48.85902,52.680687,-55.973427,37.856007,-13.100536,68.83122,0.0
-157.55544,190.0305,397.60083,467.99756,-97.40908,-34.968594,20.045994,105.41904,-62.930588,53.795506,45.173843,94.31274,-10.438458,19.67405,-25.743893,34.04082,0.0
28.441696,5.6711173,-16.996952,33.615295,19.342678,16.010414,-17.585974,30.655163,11.602425,23.559164,25.520844,36.619328,-53.919598,-48.638542,6.0773096,72.86958,0.0
-63.977215,-22.965061,107.85913,127.49146,7.1793847,32.74087,17.147438,37.65027,28.63276,-16.723526,46.394604,57.02605,12.413007,8.014872,42.86214,45.33745,0.0
45.79511,57.482357,85.4772,112.72872,-25.374691,34.706654,-5.035868,43.28726,-14.735496,-77.761215,20.8334,81.8412,-2.4246237,24.65007,8.642546,26.233747,0.0
-5.6799736,28.72317,-23.43131,37.500935,35.99577,-49.498653,-10.187001,62.045135,-51.078964,-13.695318,2.5294561,52.943665,16.7995,16.395493,74.25687,77.87894,0.0
7.9197755,-51.571877,-46.75063,70.05714,25.757915,-44.620716,-62.178967,80.75086,20.201244,48.659954,-88.11407,102.66436,-22.167196,21.069063,9.423673,32.001495,0.0
49.75091,-6.071602,-2.3497057,50.17508,-39.238163,-28.43021,-0.39062232,48.456818,-12.450499,38.384632,-76.99953,86.93292,-9.717999,-20.356983,10.506055,24.884426,0.0
-10.111526,-21.827803,-15.384329,28.554941,60.634403,-10.934751,-84.81049,104.8281,-26.49484,-2.3288739,-8.421294,27.898558,-19.441282,39.391888,-201.38458,206.11996,0.0
23.227095,-41.679806,-14.348977,49.82567,-34.878708,19.26996,8.167034,40.676235,-21.82243,20.876873,-34.867886,46.128426,22.302113,-20.214483,34.142437,45.5161,0.0
-32.059322,-22.836731,11.191217,40.921387,23.172522,8.243579,102.211555,105.1291,-14.317684,9.401437,22.231438,28.064766,-2.3653922,-18.567911,28.72311,34.28397,0.0
42.975166,55.036453,28.07426,75.25982,-1.4231505,-32.473156,28.168428,43.011528,-15.842585,8.74171,26.472027,32.065315,3.9277236,-36.611336,-29.57476,47.22811,0.0
-57.01369,-11.163785,-8.079094,58.65546,21.332403,-2.2816606,-51.51716,55.805866,-25.983423,-7.235746,52.34502,58.885536,60.548306,-17.65388,327.76697,333.7798,0.0
-7.812416,34.606243,-14.074325,38.16691,-2.169476,-15.300433,5.745042,16.486824,12.777896,-7.414774,12.38753,19.279638,-3.836499,-21.35211,0.76019025,21.707354,0.0
-43.30891,-29.106668,-20.040203,55.896957,33.274822,3.6564908,20.708609,39.3628,4.3856473,30.880396,-52.643917,61.19008,9.194608,-32.372173,15.497687,37.0498,0.0
-68.83281,2.3831859,-20.529966,71.86874,5.55631,36.91319,25.689108,45.314304,-16.704634,9.782964,-13.573211,23.643063,96.807686,43.05244,27.276976,109.40423,0.0
-34.981884,-21.0191,35.126842,53.84635,36.182514,-10.413153,-8.31489,38.558334,22.185534,6.3823605,39.580517,45.820843,0.18482955,9.8863945,24.754974,26.656776,0.0
-151.67288,-101.15235,23.730766,183.84671,87.50617,4.7976465,-43.539574,97.857254,-66.97947,-6.0161037,57.62191,88.55918,-14.461958,25.947474,-40.675034,50.36743,0.0
113.32596,-15.689101,-162.91473,199.07321,-24.89994,-20.996494,-39.725243,51.370865,21.1792,-63.157795,-85.06564,108.044624,-210.96724,-22.232092,-962.79504,985.8883,0.0
34.84336,-32.02812,86.64599,98.72891,-19.661232,11.740976,30.821608,38.397884,-4.969171,16.948175,43.811737,47.237835,-21.17203,8.860654,126.89252,128.95149,0.0
-33.79274,10.2700205,-87.28785,94.16258,20.15155,1.933452,-12.722781,23.91009,14.706108,3.5302155,-21.518892,26.30199,11.24229,1.0472751,-7.121639,13.349292,0.0
126.49791,-130.15747,-9.9013,181.77107,-3.7133818,-39.45548,-31.494553,50.620457,-9.65902,41.96262,-59.27974,73.26839,16.8019,189.53987,-744.3647,768.30096,0.0
66.708916,82.2825,107.582634,150.97852,-14.138977,41.736923,130.40538,137.64973,-63.131,-20.124365,12.1313505,67.362404,5.945958,-84.62375,10.441214,85.47259,0.0
-48.46448,-3.7967956,8.060364,49.27668,18.25136,34.65099,-33.697033,51.665203,48.13969,-1.7839797,98.11394,109.30219,-4.8698244,-31.782795,-1.9588779,32.2135,0.0
-111.54644,47.7813,-42.89935,128.70903,1.1376268,44.561016,3.9543173,44.750587,-9.680231,-37.364532,-72.89184,82.48058,117.63166,-57.026237,-110.2497,171.00937,0.0
-27.066578,-11.104372,-32.04305,43.38967,25.125183,16.660538,35.812477,46.8122,10.462984,21.203087,-26.848034,35.775314,-6.0782356,-23.165915,-94.200745,97.197716,0.0
68.349,13.10419,-61.766853,93.0508,-55.700966,22.008871,16.584995,62.145393,4.732667,-41.968685,54.024853,68.57443,-23.713163,-0.36817116,-59.28053,63.848503,0.0
-60.653175,11.391063,-74.227036,96.530914,19.185362,-3.2222552,-95.77589,97.731674,26.004745,-8.040133,-65.52011,70.94918,6.947321,-1.1124543,-6.0558157,9.2836895,0.0
-16.476635,37.27719,192.70163,196.96443,20.928743,-31.216318,-26.995193,46.273224,6.8551235,-9.650043,3.1372118,12.245739,-10.863202,6.9991293,-7.244253,14.814728,0.0
16.234959,-30.546186,-63.05736,71.92277,-19.683,-48.626656,2.9184577,52.540466,-25.678295,35.40499,36.197277,56.77272,30.025414,43.99278,-312.38892,316.89703,0.0
55.830677,-57.323757,99.38263,127.59305,-3.9916139,48.100765,241.64731,246.42046,-16.846571,44.958393,31.838606,57.60869,-34.677994,-20.437506,44.360435,59.900776,0.0
-63.890343,26.278418,298.9967,306.8738,41.312138,43.4278,8.276613,60.507595,35.806755,-34.36701,-41.48201,64.683624,-18.91103,-29.776085,61.305355,70.72899,0.0
-30.03922,5.9576926,-10.955892,32.525074,23.179934,4.143434,11.568482,26.235607,10.772463,-12.345546,-19.788956,25.691875,3.759861,-9.607865,0.27529466,10.321559,0.0
31.028622,-21.063047,-63.567673,73.805664,-33.82319,15.744329,-80.5174,88.740875,-4.5352254,-9.733471,-6.784369,12.702266,21.343287,0.6168979,-42.25569,47.344177,0.0
-28.216211,75.34911,-216.69185,231.14714,28.102331,-12.862948,-76.665146,82.66039,-32.323673,-46.42599,-154.41353,164.44981,46.574875,-2.6612954,-183.56715,189.40225,0.0
-48.44732,-80.94377,224.5691,243.57819,-11.0756235,47.07169,104.083015,114.76803,-4.2569833,20.294264,14.332995,25.207636,-4.54427,-40.503582,154.0663,159.36633,0.0
13.034167,-53.33461,-31.441042,63.26934,0.49034092,48.549995,-228.67754,233.77502,-55.59104,-7.346188,-114.62971,127.60995,56.07124,16.503115,-122.48119,135.71286,0.0
-117.47703,9.296027,176.93503,212.58708,118.25824,6.5193896,302.79214,325.13165,38.57918,-52.1078,152.84486,166.02748,-10.590974,-23.172785,42.533577,49.580757,0.0
52.451538,-70.36142,-83.39741,121.06618,2.8001502,23.245699,-4.8565636,23.912123,-11.809224,48.79627,5.806968,50.53974,20.03939,15.398787,113.96068,116.72937,0.0
-7.9481554,55.886013,83.9936,101.19958,-43.189926,9.48383,-6.6134133,44.71086,-27.983593,-24.955109,135.26532,140.3658,78.32516,-89.68304,477.28308,491.9116,0.0
22.141869,-60.125694,140.04822,154.0093,-20.289513,28.609974,93.78816,100.13199,20.076529,38.273045,55.004982,69.95322,-15.544661,-39.48635,14.347368,44.795834,0.0
54.89348,-37.882343,-58.352882,88.61955,-5.107396,37.506153,-38.748646,54.168755,-35.319733,-12.37122,-17.806692,41.44418,49.040955,20.41189,-18.075565,56.110584,0.0
103.21146,14.372804,-138.47118,173.30165,36.986397,-41.49371,-102.04293,116.200226,18.815594,-49.566265,-41.334106,67.22619,-18.480455,32.986153,-30.39453,48.51239,0.0
46.51035,10.97583,15.716104,50.30595,-15.73029,-30.45596,82.36535,89.213615,-44.326572,20.445625,4.794825,49.04967,33.497074,42.490368,49.40751,73.27072,0.0
-21.839817,47.520092,1.6145589,52.32356,14.091021,-20.903273,-53.457184,59.103172,-74.252144,-44.85565,-21.801273,89.44673,24.69827,5.919572,-0.23833245,25.399092,0.0
29.360643,-6.2195053,39.30191,49.450794,-30.139744,-1.9611171,83.041565,88.36381,-12.626318,11.854925,76.91195,78.837944,12.97949,3.0684893,9.273949,16.245,0.0
-52.76555,-42.97965,-159.65527,173.55478,46.089943,-38.818798,-348.26294,353.43774,-26.101059,7.154504,12.435178,29.784174,50.669518,64.78777,-46.666477,94.56547,0.0
-33.8395,-29.503803,-15.983841,47.655735,12.891906,13.326041,8.346479,20.33343,9.761741,4.9904437,1.1300175,11.0214815,6.602163,6.869496,4.2805796,10.445185,0.0
-70.63404,38.104656,-91.911995,122.02029,11.026512,-23.813068,-26.975767,37.63427,-4.848387,15.988928,-35.904984,39.60217,0.43457612,18.17049,-56.234425,59.098877,0.0
-17.544674,10.153756,25.637348,32.68332,-0.9108129,47.77859,65.86903,81.37791,-7.1572566,-130.75551,94.832504,161.68317,9.630464,102.21155,-10.25436,103.17513,0.0
26.970736,-66.681496,-77.246124,105.55002,44.05845,-30.675776,-193.14336,200.46573,-33.86472,118.75583,-293.46576,318.38962,-28.126274,-10.999521,-120.02226,123.76361,0.0
42.391117,87.80876,15.6210165,98.74918,-64.14373,-69.68373,39.95284,102.793335,-10.852055,26.787441,32.175766,43.250595,-2.4423056,-17.818815,22.30352,28.651735,0.0
-4.9892263,39.81127,-38.233532,55.422413,-24.466894,51.359394,-22.325878,61.113605,-11.914316,-39.290073,5.90602,41.47955,16.840073,-33.213284,19.3375,41.96022,0.0
23.83155,0.6526684,-71.514984,75.38417,-2.6848876,48.15146,8.226171,48.922924,-29.446522,20.391645,-33.84842,49.28127,8.3501835,-73.66804,-17.173521,76.102875,0.0
-2.221207,-60.610573,22.252314,64.6045,58.959362,-17.003893,19.545732,64.400116,-16.987312,44.65108,21.872374,52.542255,-28.18461,24.204094,55.02643,66.39366,0.0
-34.69568,22.592115,-8.28106,42.22286,-20.757473,18.654776,2.2933319,28.00237,-1.8660551,-62.293114,43.944263,76.2563,-21.927275,6.7695246,3.1822789,23.168293,0.0
59.84511,14.307535,178.1947,188.51924,-24.164219,40.78247,89.87817,101.61307,19.62132,-7.2274904,39.496197,44.689972,-83.70536,-5.5698843,42.22736,93.91897,0.0
-9.222275,-40.606167,-32.190865,52.632336,3.242164,30.722454,-28.69337,42.162666,2.153022,12.373398,-17.538258,21.571438,2.1674733,7.1223497,-10.294679,12.704575,0.0
1.7521598,52.21746,60.153625,79.67554,25.804493,-15.811181,27.395956,40.82161,2.7342749,12.107182,4.091985,13.069217,2.1151218,9.528655,3.2300453,10.2811575,0.0
48.699646,-3.8977442,83.03104,96.33795,-35.68556,-27.37021,-46.38507,64.60776,-34.40017,26.090504,35.803986,56.089317,21.81083,23.330023,8.805275,33.129066,0.0
3.6122856,45.337467,-90.25283,101.06492,10.495598,-14.201438,-49.475327,52.532444,34.546783,25.243557,102.10266,110.70538,14.423434,-33.083862,-185.87108,189.34265,0.0
-81.82894,-29.949251,39.78339,95.78962,19.794203,-16.37726,41.67673,48.95891,18.360624,-5.6833525,50.951515,54.456234,17.754196,-1.910599,26.031012,31.567177,0.0
-31.272995,-10.13958,95.67693,101.16768,-47.376583,15.749508,94.762184,107.10961,40.97512,26.016615,66.096535,82.003586,30.133575,-32.435116,38.662735,58.77829,0.0
-11.249294,57.087868,-172.31447,181.87317,45.41453,9.047905,-49.044155,67.45126,-32.536606,-9.923825,-18.774002,38.853405,29.375107,9.924244,-110.46166,114.73089,0.0
32.76026,42.322132,-132.57704,142.97232,4.2497416,-28.544971,-39.11111,48.60623,-3.0307424,-28.508326,-30.737482,42.032295,-59.575195,58.49195,-195.83696,212.89114,0.0
-182.99385,151.88628,-1209.2974,1232.4594,10.562463,12.592719,-95.43545,96.840416,3.3811073,-24.78186,24.636837,35.107796,218.49998,-167.10959,19.07084,275.73822,0.0
-17.605164,59.76299,131.43942,145.4575,0.98486215,21.516691,25.403252,33.305767,12.421387,-1.0780135,-8.335654,14.998242,4.4868994,-69.73246,-6.6615424,70.19356,0.0
-65.10401,51.798733,41.745617,93.08242,53.131687,40.022984,119.914345,137.12865,-25.562891,50.512215,142.99243,153.79135,-3.050446,-43.37891,85.0451,95.51808,0.0
17.73582,-54.986816,294.49365,300.1077,12.855834,25.218588,74.225296,79.43956,17.093618,-11.153303,62.51979,65.76719,-47.345375,51.630062,40.43769,80.88551,0.0
12.150911,-42.574085,-67.45166,80.684166,22.011534,-36.709145,31.7393,53.286613,-13.56584,14.348288,-2.4420052,19.89673,-18.90557,58.2713,223.74013,231.97548,0.0
-52.448494,-68.97272,-100.545135,132.73058,34.154633,63.127308,-315.09534,323.1666,19.101034,-22.462704,-41.88281,51.221012,-1.775607,28.766047,-39.977898,49.283573,0.0
28.493607,-22.304142,-21.45969,42.07006,-35.859795,41.18649,-30.060625,62.33702,29.785864,12.771917,-10.429598,34.045662,4.790942,-23.736809,88.84847,92.08936,0.0
-66.67407,2.8986876,125.008224,141.70706,33.81332,-22.311134,79.97539,89.650375,10.98203,-14.711037,13.4827,22.777489,21.689243,-6.125233,-0.9609524,22.558287,0.0
-32.01587,-6.7338166,-87.37708,93.30127,-34.029972,5.411626,20.20704,39.945717,38.72693,-5.4499197,-34.500946,52.15173,46.620132,7.422815,-227.68372,232.52618,0.0
45.95918,54.198315,-50.573917,87.22055,-6.922616,53.414604,32.80776,63.066563,-29.259436,-16.585236,-19.604437,38.92966,-7.988808,-20.915228,10.490871,24.725012,0.0
-44.706703,-31.070372,9.50479,55.26661,33.466743,13.844848,-0.37335375,36.21936,-6.8303432,35.97902,17.772484,40.70646,33.807552,-22.690697,-39.235874,56.544525,0.0
-86.63092,-12.212597,264.8994,278.9727,-44.455917,-34.041336,43.509407,70.90987,3.558129,12.358488,-8.716116,15.536227,131.23642,40.493378,178.30441,225.06706,0.0
-8.574295,60.65887,232.63121,240.56245,45.465427,-14.705765,59.857307,76.59153,22.645048,-13.189997,108.068565,111.200676,-18.524885,-5.1946616,-14.114294,23.861458,0.0
-2.841253,-37.82331,43.46683,57.68918,1.5677532,19.024206,-28.690025,34.46006,17.91253,54.75657,-125.10163,137.73007,-11.420899,-28.017271,-24.388803,38.86167,0.0
26.871574,-93.69181,-16.858368,98.91634,25.95175,73.75894,6.3370447,78.44764,-50.82468,22.603184,16.166883,57.92599,6.0421386,22.711063,-6.063543,24.27069,0.0
-48.3419,25.506474,-8.132126,55.25985,37.37891,24.312016,-12.94345,46.430485,38.457645,-48.29197,98.38342,116.14823,-29.622602,-7.4908233,0.6496064,30.562136,0.0
36.382496,-33.369957,146.81093,154.88927,-40.759266,-3.6488943,-47.306835,62.550533,22.492445,23.592457,22.096567,39.37985,12.872439,14.293778,-7.522697,20.654366,0.0
43.333237,-12.412193,37.507385,58.639885,-34.925377,-6.30744,-15.233301,38.621483,-11.367776,11.8438225,88.82084,90.32522,-4.406875,13.501012,69.90398,71.33207,0.0
-46.827606,36.618866,-32.677933,67.83519,13.554517,19.144018,37.72287,44.42109,-23.258694,-29.639946,88.5496,96.231674,-9.776686,-13.193702,59.308643,61.5401,0.0
-32.70802,-32.27409,84.72119,96.3801,17.950788,58.747406,68.25607,91.82805,59.53387,-23.287312,49.81048,81.04119,-49.4418,43.640476,43.238583,78.857895,0.0
23.76836,-8.518492,-14.495584,29.113941,20.247074,4.86502,-7.4387236,22.112148,-9.509173,4.002243,-2.0499222,10.5192995,-33.79638,0.68037504,-13.41976,36.36976,0.0
-10.014038,-22.440264,-10.208726,26.60948,14.412148,4.365937,11.087038,18.700104,34.498608,28.110529,-6.9171066,45.035686,-36.432182,-7.9934263,-58.956974,69.764854,0.0
-24.98471,135.5127,135.03203,192.92894,46.628002,34.72762,62.98908,85.71932,13.795839,-95.56193,-64.04803,115.86443,-44.300476,-72.76845,4.5183854,85.3124,0.0
-28.30751,-110.656166,168.55345,203.60838,-6.9834495,106.26322,81.96661,134.3844,8.095444,-83.15507,-98.04179,128.81186,49.06968,30.878445,4.0829806,58.120415,0.0
58.368008,38.088203,-107.561584,128.16798,-43.437305,-45.772087,-238.75595,246.95401,22.175621,-43.595566,-41.980434,64.45687,-26.886385,31.763042,-40.549,58.10327,0.0
-48.78407,-42.535236,43.230904,77.8335,37.26593,-38.227684,-60.301693,80.53825,-34.219475,45.301773,62.450676,84.39977,16.335619,41.15771,0.009431118,44.281155,0.0
-30.98027,40.68021,-44.372086,67.701836,-23.38679,-31.44517,-126.22878,132.17204,7.912408,-59.021915,-154.7559,165.81795,57.94648,8.802531,-294.1441,299.92673,0.0
10.265002,-58.71925,-47.85027,76.439316,-46.777763,26.64016,154.10718,163.23872,34.918034,-10.919101,39.766758,54.036015,0.08104126,33.67851,-36.038876,49.32595,0.0
-53.24618,80.389694,7.283554,96.699066,54.0894,-44.323,-13.250581,71.17422,-35.37988,-17.589417,32.1594,50.94458,25.774548,0.38889474,66.61556,71.42907,0.0
-20.139818,71.2475,-197.5442,210.96333,20.89672,-17.834745,-37.82193,46.74665,-22.826035,-103.64619,-58.251957,121.06553,-1.0046281,16.541357,-32.65293,36.61763,0.0
101.71548,7.5544724,113.947365,152.92845,45.42373,-24.434439,-0.72991467,51.583813,8.69979,8.90668,18.353893,22.178635,62.81013,-5.81482,19.061947,65.89608,0.0
33.05563,22.905422,-7.029772,40.82586,-38.202034,4.7987423,47.73592,61.328144,-17.79294,30.109846,35.760075,50.019855,37.47198,-46.889446,106.55582,122.2985,0.0
-80.978745,-106.88975,-190.86363,233.26358,4.79229,186.16553,398.12668,439.52863,7.914342,-91.35757,-38.369564,99.40355,-24.94067,18.374084,-29.097187,42.500473,0.0
-70.86309,-79.2977,-333.50165,350.04724,-28.672663,19.20065,-54.651077,64.63379,-15.3660755,-5.979348,-34.785217,38.495342,-66.35243,-5.36189,-232.71277,242.04677,0.0
-48.08643,-32.4353,244.4297,251.2175,-24.679695,40.949173,221.61563,226.71437,36.481735,-1.898619,119.31154,124.77887,26.247847,-7.5735745,18.554771,33.02405,0.0
15.981801,-81.55437,34.281246,89.89848,45.061577,-29.276213,-31.283022,62.179333,7.5670223,-15.3231,-24.017744,29.477455,-38.20168,95.82617,-46.680046,113.230125,0.0
50.70151,-10.95312,-186.2083,193.29808,-22.902922,34.28553,-81.29121,91.14988,-15.8741255,-11.968898,-51.049877,54.78442,-15.985364,-6.2302537,-34.97548,38.956795,0.0
33.25588,-52.950775,-192.32262,202.23187,0.2300804,36.788643,-127.30088,132.51027,-25.134092,1.0805415,38.16268,45.70865,-4.447394,5.764496,-33.19089,33.980053,0.0
6.4945636,66.26189,-55.698788,86.80536,-19.840717,-16.54207,7.5531573,26.913647,-22.78819,18.218012,54.512714,61.829155,33.14141,-71.02267,11.243589,79.177025,0.0
95.2356,33.924248,248.09575,267.9033,-17.400927,11.69504,19.113827,28.37084,-3.3033466,17.190418,42.890636,46.325375,-31.066338,-74.0056,26.570473,84.54553,0.0
-68.363655,-48.0896,-33.159332,89.92075,34.24974,-7.7403264,2.3911283,35.194817,49.222645,68.393654,18.636904,86.30125,-18.094025,-16.594395,1.8605307,24.621948,0.0
-31.670277,-58.20646,20.257263,69.29181,-11.650692,31.675419,-7.5894127,34.592915,49.90781,36.69366,68.69835,92.502365,-4.9347486,-15.911159,-19.155838,25.386492,0.0
-59.657955,-0.16636826,49.820965,77.725334,-9.467327,24.532915,-26.450518,37.297775,31.347322,22.576483,114.64208,120.9759,24.708393,-29.695356,98.365685,105.67941,0.0
-62.995724,-14.339574,21.677475,68.14688,9.92224,-45.71982,-23.929943,52.548973,-10.114763,-0.7453593,27.85732,29.646341,0.96518886,-8.992056,20.408241,22.322548,0.0
-39.133015,-42.73621,-79.38159,98.281296,19.644785,21.966284,-5.875767,30.049288,-18.575161,0.27503848,-35.32939,39.916027,-6.171752,-12.32383,-0.48035192,13.791635,0.0
40.083096,-5.171826,-50.61132,64.7682,-25.849178,-10.464215,17.2221,32.77639,-34.033596,-6.978166,-12.936916,37.072296,24.309542,27.78018,-131.95859,137.0247,0.0
109.419876,-12.28184,-17.842308,111.54326,-1.7032629,27.305984,-5.5269084,27.911728,-48.50392,20.168974,90.24249,104.41809,-48.85552,-15.71427,-8.152912,51.964226,0.0
-11.330262,-17.77536,-67.11415,70.3467,21.688148,83.828384,-187.00899,206.08237,-40.624035,-27.285065,-136.0251,144.56012,41.33647,-47.096634,-97.97674,116.3024,0.0
45.235664,26.473051,-62.161278,81.30875,-17.572462,-45.211494,-37.339,61.21333,-14.074776,3.9121764,-25.56501,29.444426,-9.098316,2.5505843,-16.548054,19.055784,0.0
-65.80608,-32.74216,-58.775795,94.11208,0.5681724,35.98644,-16.108007,39.431137,60.43283,-10.409338,-88.4755,107.64947,15.966173,-40.49646,-261.05792,264.6623,0.0
-22.110025,48.60376,-13.113791,54.98318,4.1444902,-37.297348,10.030925,38.844418,25.31309,-40.85078,-94.29777,105.83771,-6.1270857,27.535948,-15.223344,32.055122,0.0
-13.552657,-84.83962,82.49968,119.11185,33.587933,-3.751712,-0.8490479,33.807476,-18.98839,-16.995504,-6.958205,26.416544,-4.6512957,99.12179,-38.85036,106.565125,0.0
14.817664,39.98366,-85.1503,95.23047,-30.25354,-34.83508,-83.83354,95.691345,68.59024,-19.172037,-100.688446,123.3303,-29.321852,11.122145,-39.91863,50.763977,0.0
-29.465376,61.561436,-86.45186,110.145096,-38.271782,-39.5964,2.5211885,55.126774,-15.463202,44.255993,29.08865,55.171124,-7.489975,-21.161602,5.5556645,23.12528,0.0
18.878729,-115.89537,-144.79172,186.42102,21.359823,-22.366854,8.757264,32.143723,-94.09871,94.75407,-54.14779,144.1003,1.2687149,-17.492207,-7.7633004,19.179857,0.0
29.726992,11.78091,-159.18343,162.36331,-23.324965,6.0202546,-11.9274845,26.88052,-5.6592283,-9.902908,-25.108986,27.578377,-2.8847566,-14.606354,-27.47892,31.253313,0.0
33.876545,-59.55033,-39.09132,78.879684,-38.280293,16.567228,12.103946,43.432365,-23.343204,-45.164124,-185.43553,192.27858,12.848134,35.337635,-207.92139,211.29395,0.0
48.68226,27.113699,191.43748,199.38261,-31.188604,-18.421307,166.38443,170.28171,21.780636,-34.617916,180.12685,184.71188,-20.753082,41.93421,249.81805,254.16183,0.0
-46.76624,22.35737,87.71363,101.88535,66.29581,9.640293,37.447227,76.74878,13.219118,-24.144815,3.567182,27.757036,-24.09425,7.3373756,11.955142,27.880219,0.0
-8.606799,26.76992,-18.31574,33.558487,14.062445,-21.2849,-108.30263,111.26661,11.492053,-6.169177,-44.238823,46.121574,-5.632784,-11.337258,-61.780354,63.06404,0.0
-31.835653,-13.26773,63.849564,72.56941,-15.474062,40.378746,66.49767,79.32114,38.86788,24.081112,231.12701,235.6063,-5.1777105,-42.581455,35.451275,55.64884,0.0
33.52142,66.72317,65.851616,99.55955,-4.980832,-26.033827,4.367796,26.86348,-1.9005657,14.2240505,-10.447255,17.750519,-6.2872896,-6.8034644,4.7209244,10.39732,0.0
-135.36177,32.683224,-40.747314,145.09085,-3.0655327,28.525227,15.119175,32.429718,106.40002,-95.818054,131.14493,194.16762,-1.7884266,11.821469,48.95348,50.392464,0.0
21.883131,-23.010464,-17.104057,36.06817,5.6252112,-47.17819,58.441696,75.31844,20.06365,37.126873,10.329675,43.447304,-62.078453,28.211803,-52.407867,86.00137,0.0
22.25681,43.516636,61.383045,78.46618,-22.134459,-40.100636,44.852024,64.10694,20.37332,-33.956413,-41.00599,57.005367,-20.945442,36.59371,-3.7896879,42.334198,0.0
-44.528015,-49.471622,-1.7247124,66.581985,4.115344,-26.44987,69.34535,74.33243,12.157832,11.7193365,25.272892,30.395493,22.463755,49.21608,64.941055,84.52334,0.0
94.45564,15.629213,552.16943,560.4081,-72.07224,13.123241,251.85133,262.2894,-8.527226,15.309823,45.05299,48.34136,3.7921646,-117.065926,432.52997,448.10828,0.0
21.362589,-36.88738,126.94945,133.9149,-27.709661,32.984383,33.689274,54.68786,-13.075257,40.698116,53.691166,68.62974,14.004421,-30.040178,-17.297297,37.38626,0.0
-50.25611,-10.541179,-27.653152,58.322388,26.90486,-27.60543,42.699608,57.525635,-35.952625,-39.973564,-27.48378,60.380844,44.07072,32.43844,77.5519,94.91464,0.0
-13.851473,47.937386,280.32776,284.73407,5.5016847,-29.511175,48.871265,57.35485,42.97769,-8.349677,43.47936,61.703037,-36.035233,-9.512007,139.28575,144.1858,0.0
-38.64605,51.40523,-29.762615,70.86486,-20.969252,-34.661076,-52.227486,66.09698,5.839435,-66.32671,-27.447643,72.01886,-12.644337,17.857046,21.118204,30.409586,0.0
31.402979,114.232346,225.76498,254.96078,60.952084,-47.55806,130.22914,151.4482,-32.674976,16.270884,77.126366,85.328026,-13.548957,17.862051,106.68584,109.01603,0.0
-252.40904,-54.715195,-228.001,344.51202,218.06473,11.087841,-146.3934,262.88058,32.899727,24.044897,4.957549,41.050293,-6.7725954,12.559699,-0.020498144,14.269356,0.0
16.968782,-33.161842,-74.82041,83.58082,-26.457909,43.77355,-219.54733,225.42668,38.407677,27.795218,-17.844416,50.65726,-20.431131,-23.75754,-3.5661402,31.536966,0.0
-0.73648953,-31.922228,-43.59024,54.03406,-16.346539,3.7454145,13.998346,21.844706,11.519967,4.936652,-11.054521,16.71175,7.9605236,3.836819,-7.9271965,11.87146,0.0
-46.53328,13.399508,-82.46495,95.63138,27.362432,0.72310084,-20.329536,34.095684,-33.986115,-57.10451,-336.08148,342.58832,40.950325,33.967022,-231.92398,237.94836,0.0
21.87347,38.947075,-23.474333,50.46166,-9.867232,-43.08115,-5.009641,44.47983,-30.024069,-1.9996452,71.33891,77.425415,22.397331,-28.030336,-4.5459347,36.166515,0.0
-11.527723,41.970413,-108.63853,117.03305,-23.212982,-15.810897,0.58746856,28.092207,8.217276,-56.703613,-148.26276,158.94867,48.247177,24.280952,-204.02441,211.0529,0.0
25.78651,21.873562,38.020054,50.881554,21.879528,24.845411,1.3769875,33.134808,-49.342125,-37.271736,-49.83472,79.418755,11.497281,-26.846518,-36.888245,47.049725,0.0
79.60741,-63.81231,132.10849,166.91914,-62.849037,71.1999,218.22832,237.99794,-18.395666,39.819916,9.634611,44.909374,0.98491293,-44.853626,172.60486,178.34027,0.0
68.01505,-18.562878,42.562992,82.35433,-24.545622,-14.745287,47.895123,55.801914,20.175718,4.068471,10.747819,23.219362,-63.784214,-2.7840042,304.89175,311.50467,0.0
79.97719,17.302042,-7.4325447,82.164185,-38.571095,-0.2402929,15.715231,41.6504,-5.5320687,29.851158,162.75797,165.56525,-19.648798,-15.200706,-6.767603,25.747566,0.0
-16.904343,-67.04822,85.67729,110.09913,-61.452858,4.8208737,23.14836,65.844826,-22.180635,-0.91436654,22.277534,31.45022,27.790749,11.620915,-4.206709,30.41511,0.0
3.0894928,-79.53584,-7.172005,79.91829,-10.343586,38.20647,70.17305,80.56663,-14.384636,12.05425,29.597206,35.045933,4.625228,24.899616,-27.357264,37.28007,0.0
-26.55268,53.540844,33.92876,68.72283,4.973334,16.458553,59.3515,61.79174,11.602959,11.818254,49.62583,52.316563,2.8478692,10.9962,38.343178,39.990322,0.0
42.68464,9.228571,-70.00987,82.5138,5.9575925,-20.481916,26.421246,33.957092,-47.95875,14.34033,-29.539028,58.122734,6.504115,-5.435923,36.683037,37.649822,0.0
-34.050835,-48.82818,70.37282,92.17366,19.81715,20.56121,30.823275,42.01853,-9.19867,-4.7143173,-8.614043,13.455603,22.542694,24.998735,174.59557,177.81096,0.0
-62.17134,-3.8461156,16.245205,64.37372,13.610426,18.349203,-22.431534,32.01735,5.7064214,13.064036,-34.338203,37.180046,18.968672,-12.593317,-12.235921,25.84823,0.0
4.1555586,-55.885258,-29.63578,63.3933,11.698844,47.69961,5.9741406,49.47531,-28.010479,29.068861,-39.168995,56.247627,10.825494,-38.15783,-28.705008,48.961094,0.0
31.61054,39.48208,-122.13067,132.18915,-7.198249,25.277393,-19.85627,32.940006,-20.490673,-34.804398,-59.672394,72.055664,-6.7005715,-33.808533,50.782288,61.373985,0.0
53.25141,7.412368,-77.1933,94.07157,48.448036,-5.9248533,18.113752,52.061733,-78.64768,-18.260262,63.76064,102.88015,15.319774,7.7564497,-8.198751,19.028625,0.0
25.828913,41.073418,10.849708,49.71795,-28.366978,4.8416157,80.63348,85.61474,-21.543333,-33.230686,25.546432,47.12775,34.224014,-1.7048529,-54.17786,64.10493,0.0
-27.384508,35.48737,-70.20707,83.29644,39.228565,-6.2182937,-2.5573246,39.800594,5.3622274,-57.29914,-115.22243,128.79504,-16.538305,22.75042,-9.195123,29.591528,0.0
52.770103,136.67616,-21.50805,148.07988,-30.681637,78.31611,14.3759775,85.33138,6.4288716,-132.88678,92.63778,162.11723,-18.121069,-44.48426,-34.910965,59.380207,0.0
59.28012,-10.704735,-282.91122,289.2533,-43.29586,-1.7539178,-139.03622,145.632,-53.65717,-20.134607,-60.308544,83.19631,15.742645,38.942886,-67.44996,79.45997,0.0
56.84775,53.58725,61.561115,99.46372,-48.391403,37.601234,90.49753,109.294945,-21.945112,-38.98761,15.213493,47.255394,9.709843,-20.816418,-14.474998,27.150135,0.0
-36.016266,-79.39037,-377.92743,387.85193,32.794456,-28.16227,-6.526637,43.71712,22.058979,14.041564,-141.13704,143.53894,-6.8120794,15.689743,-12.423726,21.140516,0.0
-55.055836,22.314692,-56.20305,81.77942,20.156153,-4.506181,-43.74845,48.37875,1.0099258,27.413841,76.21821,81.00472,25.075716,-36.284077,8.055681,44.835598,0.0
-19.726936,-7.2175603,-15.152152,25.900658,15.826826,53.06905,3.4446783,55.48594,9.492494,-17.98733,28.069841,34.66379,-3.3125725,-28.21896,-13.1906395,31.3255,0.0
-52.262714,-129.20963,-554.53064,571.7786,-29.389036,-68.88863,-118.29629,140.01204,38.570286,128.44032,-256.25992,289.22955,23.728191,27.445679,-211.18594,214.27974,0.0
-48.2161,56.154476,-36.082108,82.34097,29.763937,-57.256058,55.306168,84.98777,22.54452,35.480324,83.193184,93.210594,-1.112762,-32.924706,0.117111236,32.94371,0.0
55.055077,39.257927,-50.187912,84.2085,-6.7097535,-37.202393,-87.40765,95.23202,-17.901968,-27.098724,-18.5576,37.40596,-4.7014995,19.027576,-24.691446,31.524914,0.0
-62.646446,12.557976,-113.25806,130.03722,25.626654,-40.860832,-69.95287,84.9691,14.321203,43.370403,-19.054796,49.489246,22.983278,-16.758078,-126.141815,129.30905,0.0
47.566025,-29.973154,25.568392,61.762928,-2.1146765,-29.535412,55.63427,63.023685,-15.982166,-17.42446,53.598587,58.581993,-5.6490006,-8.384516,5.768361,11.639815,0.0
-80.57933,6.7169175,-256.2144,268.67075,1.8556341,-25.886894,-59.833527,65.21991,5.539565,-39.019005,-63.36047,74.61722,56.17091,59.40808,-70.578995,108.00878,0.0
9.680612,68.28952,36.658527,78.109024,12.585903,-24.754066,-9.519677,29.356312,17.965513,-32.420753,84.135956,91.93875,4.5315795,-20.339916,-17.03847,26.9178,0.0
20.673111,-6.4272013,-6.128416,22.500113,-80.78594,16.344135,-120.44589,145.94768,28.510729,-13.405393,2.966825,31.64458,-46.34512,24.683287,65.5758,84.00793,0.0
26.593853,-21.995375,-60.08288,69.28912,-13.427633,12.801825,3.688442,18.915407,-9.166541,8.68705,2.5138822,12.876719,4.729596,5.4249654,0.630461,7.2247357,0.0
38.14857,1.9337577,1.1060663,38.213562,-31.250322,-3.7585523,43.64571,53.811314,1.9803534,45.606495,140.41945,147.65334,22.882214,-30.835636,41.775513,56.741844,0.0
-38.29658,-69.73337,-151.42885,171.05574,-53.802944,20.15368,-20.301197,60.934933,27.231762,-15.865082,5.4897585,31.990736,-2.307421,28.426361,-32.69912,43.38911,0.0
-8.3241005,-45.34004,-46.27662,65.31872,-0.61226994,40.948624,-49.333817,64.11701,-9.493743,-7.9985514,-14.839876,19.347895,17.8188,8.60832,-90.68482,92.81897,0.0
-2.1174173,-29.295456,35.759403,46.275715,-5.2616615,26.168364,49.768017,56.4741,-26.460188,18.722603,47.56604,57.560547,-9.462997,3.0537481,17.938612,20.510452,0.0
-34.924286,41.015476,61.038597,81.4106,29.574509,2.1359234,137.86256,141.01526,28.38128,-7.188492,82.77265,87.79803,-21.497974,-36.90672,-1.441768,42.73592,0.0
22.584633,16.764181,2.7672691,28.262363,15.541438,-5.5131984,-2.6606479,16.703615,-9.135386,-46.07283,-91.67886,103.01061,-6.1923294,-5.228816,-36.979874,37.857727,0.0
8.490061,23.647518,48.421894,54.552517,5.8800864,-21.993736,25.488947,34.17598,9.473226,-76.32622,214.81256,228.16635,-26.298363,79.45203,93.26992,125.313675,0.0
25.28997,36.443123,23.003548,49.96846,-20.882107,-32.544502,15.816006,41.777424,0.18729126,-14.525067,-51.83918,53.835983,-10.782338,7.9950833,-45.839603,47.76452,0.0
-17.89206,17.291698,36.546017,44.21244,-12.384114,11.9422,25.247803,30.552153,-22.472136,-31.743176,48.47219,62.14653,-18.09599,-22.739605,115.736015,119.328926,0.0
-67.40457,-17.172644,-23.084743,73.288345,-18.18961,19.907345,42.170944,50.055492,-13.802161,0.6208144,10.2514105,17.204292,69.66969,-7.4722757,260.39548,269.65814,0.0
-114.619514,48.826286,231.5662,262.95352,33.9996,8.221624,12.459094,37.132305,63.3104,-119.13907,63.416584,149.07715,-16.060928,42.760986,240.86868,245.16154,0.0
26.438665,13.355873,1.2389168,29.646542,-20.580769,-8.566187,-46.450462,51.522743,-1.7596208,-10.849925,11.895866,16.19691,-9.989637,-10.277457,12.563569,19.059732,0.0
-3.1109521,-31.637655,91.2287,96.60898,22.40412,2.028624,-14.145258,26.57345,33.930332,27.982193,146.85934,153.30345,-58.30874,9.189627,350.5233,355.45877,0.0
-135.43925,-195.49379,356.82278,428.8171,-27.065664,-159.57066,196.31381,254.42967,19.684378,43.490284,112.13553,121.873985,148.47171,306.45926,338.3131,480.0176,0.0
34.8399,35.753723,142.45067,150.94482,8.295562,41.922962,-31.474648,53.07546,-1.3673272,-41.859417,80.9345,91.12889,-28.74945,-2.700652,42.275414,51.196045,0.0
44.450466,-59.535343,-263.62646,273.89636,23.390305,33.372086,-136.07187,142.0435,-9.90893,-35.505657,-26.320139,45.294582,-52.217117,49.707916,-7.975077,72.53356,0.0
54.637173,-13.196908,-48.874195,74.48534,-31.809788,-21.797754,-2.2308853,38.626175,3.358713,47.920162,139.95103,147.96597,-12.565142,-30.026167,39.184258,50.939877,0.0
-61.087093,-23.217257,211.52945,221.39418,-39.262287,21.978638,24.906649,51.42887,88.60356,60.06017,424.48026,437.76852,14.693362,-30.504595,169.18546,172.5403,0.0
32.63091,-25.459665,25.7677,48.753925,-11.978231,12.533021,-8.042462,19.111145,-4.0324483,13.881576,1.8920739,14.57909,-3.5248196,13.735865,-4.45713,14.865245,0.0
-84.13787,-85.57947,-197.96436,231.50143,20.318373,57.506615,45.021236,75.80738,-37.84619,-13.834967,38.546307,55.763412,8.863371,-26.498205,-4.962253,28.378483,0.0
-10.963051,42.256596,-84.13376,94.78554,-18.250523,-17.330471,12.035123,27.897507,67.41327,-16.279383,208.75049,219.96898,4.082365,21.831299,1.9393266,22.29447,0.0
-38.981777,-2.9354815,102.71059,109.89847,14.96198,33.41208,53.75993,65.04129,-4.144453,-11.033266,8.077397,14.2886305,4.4401793,-7.9782457,13.783111,16.533388,0.0
15.053058,-45.21717,36.045914,59.753624,0.49811685,45.650642,58.89153,74.51471,-27.22165,27.609707,-6.486504,39.31143,27.056887,-15.176833,-20.223265,37.032307,0.0
-53.71185,48.345917,153.67525,169.81865,-7.591577,17.918238,-8.587396,21.270603,3.8620725,22.048092,29.416157,36.964245,56.937637,-85.44604,113.234665,152.8562,0.0
25.748137,-31.320597,-41.793438,58.229183,-22.058456,32.518604,-14.758298,41.974304,4.9698186,35.688515,-47.964058,59.991093,18.662865,-57.34864,-77.53383,98.22767,0.0
51.097248,-104.530266,230.30943,258.03088,-39.87572,-13.5336075,107.04434,115.02923,-9.688482,71.21561,152.26978,168.37938,-3.788783,10.229992,2.9505055,11.301023,0.0
-17.379316,-57.403797,-1.054966,59.986248,-26.442549,33.974613,8.208788,43.827698,69.20281,-51.730915,16.562904,87.97419,6.938359,33.259933,5.4907618,34.41691,0.0
1.5872066,27.746944,-66.15488,71.755775,-34.13551,2.8144293,-4.1979575,34.507797,31.74349,-8.808971,19.11587,38.087727,0.41495365,-19.850021,-3.810632,20.217014,0.0
-45.986168,-28.380465,126.0035,137.10237,28.664461,16.641956,170.87447,174.05945,-29.114012,35.48731,143.45715,150.62184,44.33754,-19.472746,209.22127,214.7523,0.0
50.447258,27.179813,289.03958,294.66516,24.237118,-48.170643,95.23395,109.4411,-32.111122,-16.088634,170.72592,174.4629,-30.785038,22.5016,42.621063,57.189125,0.0
-34.35045,10.500729,-25.525522,44.065655,9.895636,45.699913,74.53929,87.99161,-5.3858714,-43.31623,10.854152,44.97919,28.794638,5.2473183,-111.12024,114.91033,0.0
-8.987415,-63.85396,-167.00774,179.02429,20.366056,-1.8378563,4.0313125,20.842665,-30.360506,48.370274,33.889736,66.4076,23.481455,11.609023,121.69246,124.479774,0.0
-8.0259495,-47.6948,12.685343,50.001278,11.878199,22.705101,-16.880156,30.684734,38.199818,-26.833744,-106.98511,116.72659,-20.701576,31.842283,-25.001692,45.47067,0.0
9.293985,-52.71126,45.912697,70.518295,1.3650441,28.664228,-6.9919,29.536215,1.9190463,68.46211,40.17414,79.402245,-16.11324,-25.89073,42.70867,52.47864,0.0
28.536196,19.659248,-10.094679,36.09298,9.465461,14.169748,-82.013855,83.76544,-16.320166,-8.202284,-49.92756,53.163876,-29.018618,6.6621475,-67.624954,73.889175,0.0
-41.417847,54.396667,85.66639,109.60458,62.336685,-4.606995,103.18246,120.63873,-22.920311,-36.941963,122.29406,129.7917,15.914459,-19.103605,85.4705,89.01361,0.0
-50.801414,-20.131699,134.46272,145.14236,69.63971,4.084465,99.71399,121.693306,-31.814629,-5.3535447,-27.54108,42.418785,44.261116,-4.497241,-160.30742,166.36632,0.0
56.414173,65.16022,65.34319,108.157974,33.804104,-32.9949,43.547794,64.24789,-60.06024,-31.03991,-120.940575,138.55447,-26.021187,1.11641,14.240927,29.6844,0.0
-50.660156,-44.17539,40.016743,78.225746,-5.1569324,81.67041,54.86923,98.5256,32.245846,-12.866444,18.19687,39.197926,30.37377,-11.698688,-7.827092,33.476856,0.0
47.48164,-49.5981,14.609711,70.19916,-60.16282,16.49941,-25.10596,67.2466,34.94855,19.672308,-46.626625,61.50157,-25.705101,12.207186,28.405684,40.207592,0.0
10.990318,79.94027,79.208626,113.07184,4.1077476,-21.651457,62.880814,66.630745,20.832588,13.644527,38.83412,46.133175,-32.572475,-70.219574,413.9011,421.07703,0.0
75.08097,-17.534035,153.84698,172.08572,21.606724,-12.298115,17.036121,30.138594,-14.510712,14.307429,7.226139,21.621553,-0.9706766,7.218801,32.15398,32.968815,0.0
4.8000016,178.54523,385.49826,424.86508,60.723698,111.51942,417.29593,436.18787,-90.214905,-186.98904,91.52274,226.89218,17.235151,-94.35204,43.40936,105.27935,0.0
-18.363731,49.419407,-57.071907,77.69624,-4.8313675,-29.549715,-2.2310848,30.025082,-32.754562,-1.2360454,-74.654755,81.53363,25.020353,-44.80793,-13.989659,53.19295,0.0
115.25445,-23.184355,-302.22577,324.28616,27.37037,24.525368,89.765,96.996895,-6.4839,-27.104458,-134.24326,137.10564,-48.38292,-28.091198,224.64793,231.50967,0.0
35.658356,-34.9443,-48.11378,69.33656,-21.229351,31.831198,-2.3518114,38.333298,-9.645689,45.063526,-111.59228,120.73363,5.7247744,-37.138527,-189.0524,192.75078,0.0
-22.963942,-46.48634,1.8734232,51.88287,30.946949,30.183073,32.390877,54.017593,-6.296191,-7.923138,5.029973,11.301272,-5.269306,-6.895054,4.234783,9.656125,0.0
69.23739,-71.06224,-26.236145,102.6255,29.353855,26.782124,13.897015,42.095818,10.752467,51.125275,-37.55065,64.33872,-111.40624,-2.8733666,-236.89702,261.80112,0.0
21.275078,21.517149,-20.572231,36.590225,-94.912674,13.876953,-76.230705,122.52394,23.366512,6.628971,-78.209465,81.89426,59.774723,-26.145535,-230.76685,239.81232,0.0
18.882912,-23.671585,51.66235,59.882534,54.169765,-25.68119,205.88997,214.44014,-63.584595,8.37566,38.06985,74.582016,-5.3942413,38.668262,129.83246,135.57585,0.0
-62.99799,-16.034771,105.892166,124.25382,9.687115,-13.121173,-12.806727,20.736866,67.99039,42.653374,-81.7782,114.584854,-14.801576,-22.61241,-44.27844,51.87484,0.0
-0.31053516,62.66481,47.43714,78.59553,25.82571,-63.562233,134.95604,151.39438,-9.096437,-31.949339,28.268929,43.619236,-16.71712,25.097054,21.28374,36.90964,0.0
2.3858578,43.678955,-161.92334,167.72807,-13.276836,-25.40752,-11.281988,30.807463,-39.791317,-0.64978015,44.432384,59.64913,43.675007,7.0461745,126.01514,133.55516,0.0
41.92786,-66.535416,106.74265,132.58545,-11.328077,-20.151377,-14.186722,27.123169,26.89823,9.920799,-19.943731,34.924213,-57.6356,63.56825,26.818293,89.90004,0.0
135.5217,30.809202,-11.336504,139.44121,12.044794,26.369534,-47.01775,55.236748,-82.18292,3.7298071,-215.1245,230.31827,-58.316708,-65.18498,-108.93372,139.70143,0.0
-36.381107,-44.817196,35.510067,67.77272,26.639582,36.46803,65.04576,79.18678,-16.971342,8.2981825,21.37,28.523226,22.84914,3.6467645,94.37786,97.172905,0.0
-31.294073,-51.9228,-33.26212,69.14958,41.117012,1.8852819,5.5040236,41.526585,15.272678,62.637,16.165665,66.46795,-25.273949,-14.435727,-12.045783,31.500393,0.0
4.7254767,41.2491,45.345844,61.482227,-7.227095,-29.254185,-12.883534,32.7723,-6.5724387,-9.672445,17.030807,20.659178,8.05037,5.149272,14.905766,17.706083,0.0
-21.20579,16.741943,24.653183,36.575367,11.991151,11.188561,18.454111,24.688576,7.5199256,7.909175,19.242172,22.121607,-1.3234136,-34.878002,70.383675,78.56263,0.0
-25.751637,74.883995,63.405224,101.44447,27.10675,-13.788318,15.701496,34.22617,92.27629,3.0599604,-155.1736,180.56337,10.081388,53.688065,-93.18322,108.014656,0.0
30.053776,-2.9412355,-36.945435,47.71642,-17.010065,3.7199187,6.4229827,18.559256,-10.681102,-3.866363,0.74780357,11.384423,-15.084649,6.911617,-5.5260777,17.48902,0.0
18.948992,94.047585,-25.869295,99.364136,54.97891,31.042313,13.891571,64.64736,-39.501003,-50.96254,89.98988,110.70546,-27.512856,-63.46765,-0.55260307,69.176704,0.0
47.95211,89.263596,-119.41748,156.61395,-35.302277,52.074596,-31.574543,70.391525,23.256542,-37.864014,-9.309853,45.400826,-26.4906,-88.401985,-151.81708,177.6657,0.0
51.33381,-47.921776,169.96494,183.90144,-1.2205681,-31.890026,14.830391,35.191124,-33.68479,97.94761,92.952995,139.17136,-9.326252,-17.081911,-2.5239983,19.6253,0.0
14.780048,43.21052,1.4857464,45.69252,25.908611,-13.24066,7.272694,29.991053,-41.73009,-17.461832,-80.789566,92.592026,-10.327867,-6.173393,0.13836381,12.033533,0.0
-77.34556,18.136204,86.69874,117.59226,-236.63765,77.248,82.451324,262.22675,-10.622699,46.93617,-51.200813,70.266495,-48.61157,-16.190401,14.5778475,53.270428,0.0
27.633154,-67.08959,371.39386,378.4151,-1.5469521,24.778114,90.461784,93.80662,6.143425,-21.027449,51.46601,55.9344,-36.487972,64.03379,36.937977,82.43861,0.0
50.79565,14.484529,173.3822,181.24953,-37.944916,-0.05200661,199.85782,203.42802,-6.715863,-22.761097,58.076077,62.737648,0.59615177,7.5708237,39.007923,39.740437,0.0
-2.8764794,-46.452877,64.83201,79.808174,32.09491,33.988003,89.66885,101.122604,6.9355083,-13.054253,31.362904,34.672146,-15.251447,5.077651,33.89571,37.514256,0.0
-36.924416,58.81607,84.55935,109.421326,-30.38817,-46.43064,53.080578,76.79058,27.597412,5.397224,0.8667376,28.133581,13.171151,12.003153,25.969036,31.49517,0.0
-69.113525,7.8291755,-106.70743,127.37524,56.005836,17.633196,62.1249,85.4815,-37.683514,25.165686,34.643425,57.03969,27.692074,-19.589314,-28.720303,44.44601,0.0
-51.690784,76.37225,-19.154945,94.18901,-24.191984,-28.6818,-3.4551728,37.680714,-6.255051,25.18684,85.58765,89.43578,50.866264,-49.035492,334.09778,341.48676,0.0
-9.405788,-32.167336,19.651806,38.85114,0.9768301,66.43165,-98.6666,118.95052,-59.936337,-19.106375,48.208443,79.255806,-25.020992,-16.615631,-14.528447,33.364895,0.0
-32.57634,74.10206,-133.97632,156.5311,-6.2332115,-54.48396,-21.5115,58.907547,-33.944115,31.109888,-0.54935163,46.04704,24.206776,-11.77479,-116.024475,119.106224,0.0
-14.926419,50.051075,180.46048,187.8667,14.523198,-36.25879,98.518585,105.978935,0.86223465,-27.313364,-116.63354,119.7921,6.1441264,14.227973,12.603033,19.975534,0.0
3.2492554,177.20592,-177.45415,250.80365,-21.703465,-26.78388,9.366933,35.723324,-6.9003987,-8.485811,2.9833238,11.336875,1.443439,11.697509,1.1105915,11.83844,0.0
-26.439306,63.16,-99.793175,121.024376,20.3171,-14.492759,-104.52557,107.46358,-32.52354,-6.749875,-23.965101,40.959476,51.605785,-60.45319,-39.117218,88.58845,0.0
146.3029,-224.42673,-165.01042,314.6432,-53.83051,-314.81125,-636.5743,712.2013,-82.83093,-5.9555087,-320.13632,330.7321,-3.9196756,46.27191,-226.90247,231.60568,0.0
-38.13465,-56.016144,-109.61388,128.86917,22.974588,6.526585,-6.5072594,24.75424,24.863995,8.986451,-61.336517,66.79187,-3.577136,53.354965,14.884895,55.50783,0.0
-30.431292,-36.954983,9.782759,48.861404,8.774723,37.37356,-32.192932,50.101536,12.04187,18.979784,78.1292,81.29828,5.879775,-20.157494,-16.936888,26.976923,0.0
7.6313477,-42.252987,-108.60917,116.788284,12.953492,34.472454,-14.746401,39.66862,-55.74673,13.596533,-12.832472,58.798363,33.059803,-7.6369624,-10.9872875,35.66518,0.0
10.222206,31.605661,-129.58536,133.7751,20.180506,-19.791826,-24.320057,37.28853,-4.9658003,16.406229,-18.090508,24.921677,-4.02795,13.41688,-14.795866,20.375345,0.0
-13.811167,54.952957,-97.57132,112.830574,10.215786,-53.01625,6.101518,54.335197,38.311344,31.729876,-24.49048,55.44662,14.932099,-16.991066,-5.4365687,23.264141,0.0
-50.513958,23.977076,18.244125,58.816734,33.388245,-14.230138,-4.3097105,36.549217,2.4160626,-25.841124,-13.579031,29.291676,-13.506578,2.2175891,-13.822391,19.452892,0.0
-67.36113,-203.72934,161.22498,268.39645,27.932232,-43.04789,41.02651,65.70011,-67.24283,79.6861,131.37227,167.72047,102.800026,132.8691,-144.49786,221.589,0.0
22.723852,16.397455,-62.98218,68.93479,-10.648362,-37.4395,5.2602324,39.278156,-18.37323,15.703422,-15.59788,28.765919,12.359629,-2.1247084,62.922848,64.16051,0.0
-53.318214,28.390167,172.32637,182.60672,4.9918766,49.48644,28.383638,57.266544,32.83886,8.794767,29.918406,45.28631,-6.183006,-23.538906,82.89889,86.397545,0.0
3.7155848,22.381804,-5.9577436,23.45731,-17.362253,-7.51159,14.647537,23.925346,-6.4619474,-30.334717,4.5900035,31.353327,8.942562,27.855837,-31.587982,43.054955,0.0
-8.978361,43.594772,-88.661766,99.20703,65.83796,-24.849546,90.957596,115.001884,17.499256,38.21308,6.597463,42.54411,-26.261305,-38.903454,-212.83092,217.94528,0.0
-5.345593,36.09481,27.95445,45.966003,3.0903475,20.998901,2.4081006,21.361513,10.380075,3.404696,1.2118855,10.991713,-7.987542,-53.358326,37.25423,65.56525,0.0
59.71535,43.086124,49.13366,88.52375,-13.164566,23.368721,-22.007002,34.69454,-36.61859,9.548564,46.024693,59.58506,-8.981967,-88.72012,36.756866,96.45214,0.0
-107.06915,-41.8058,95.838135,149.65453,-52.5332,5.250562,147.30492,156.48018,7.062099,29.876783,134.0998,137.5691,169.14626,3.3523986,742.0663,761.1071,0.0
36.727345,-80.58641,41.574585,97.834114,-16.025797,73.77741,-169.87303,185.89455,-6.836571,19.234968,9.021696,22.31846,-19.77532,-0.30046755,-13.726423,24.074224,0.0
24.378708,-55.642033,12.789316,62.07998,-24.594786,-16.262434,7.1318,30.335339,-14.018989,-9.322427,4.06285,17.31896,-16.666702,3.2184427,-2.6142726,17.174742,0.0
-36.676876,-23.837132,-23.418715,49.616913,-14.648604,-14.782276,-1.7045656,20.880682,-8.565624,6.509116,7.1658225,12.926666,34.349167,8.073624,-188.37024,191.64656,0.0
37.92926,26.475616,-66.92369,81.35335,-42.806248,-0.98009825,-112.92935,120.774055,-5.0688047,-64.85702,-117.50161,134.30847,39.504646,9.517806,-161.96024,166.98004,0.0
-24.651943,-37.28938,-63.332726,77.51936,6.284738,21.530092,-8.381634,23.943571,3.4025054,11.564758,-4.5054717,12.869341,9.006763,3.6728182,-0.65597314,9.748932,0.0
80.90286,-87.81285,-49.68107,129.32355,20.943703,43.45994,-37.86706,61.329597,0.61833847,31.286894,-116.68121,120.80463,11.156044,4.7536244,-50.681522,52.1121,0.0
-24.31881,-2.9409883,-39.285618,46.29714,31.854038,-22.476414,28.992918,48.58466,45.624355,45.77691,12.596831,65.84679,-4.48781,-36.21147,26.341492,45.003296,0.0
41.48859,13.035192,8.6786785,44.345676,-37.43899,-4.487187,69.51015,79.07891,25.907461,-5.1896477,-16.872894,31.350018,-22.527956,-12.477767,-47.553677,54.07916,0.0
20.702448,-58.5465,-11.625599,63.177837,-28.330868,-29.923445,-89.53247,98.56021,41.006657,64.694374,-269.28503,279.9667,-30.657776,25.818052,-47.37966,62.058964,0.0
28.865725,-8.312148,-61.87443,68.780655,-23.685219,3.963051,25.554823,35.067867,12.124978,2.0517879,-7.573061,14.442553,-27.64598,-3.9380612,159.4803,161.90671,0.0
63.38318,12.316295,51.36828,82.50951,-24.589645,-20.287813,9.111945,33.155296,-10.521574,3.4438922,6.499751,12.837862,-7.678509,5.300589,7.5339766,11.992354,0.0
-11.314622,46.04151,-63.054657,78.890625,37.183754,-23.374617,-16.733105,47.00001,-53.402115,-26.710825,95.58803,112.70464,27.882767,7.924801,13.283487,31.885942,0.0
-35.23014,-8.198265,31.478502,47.95083,-13.2838545,24.435137,40.84846,49.41806,-24.42596,4.897613,-11.741113,27.540499,48.548065,-30.845839,128.12794,140.4463,0.0
-69.61301,-16.660461,-72.61884,101.96593,47.191586,61.774647,146.2133,165.59436,1.480297,-13.203879,-7.276922,15.149207,16.886639,-14.651466,6.8287973,23.376648,0.0
7.5960116,39.27941,-178.20934,182.64485,4.727373,-37.696835,-120.63529,126.47637,-7.032142,-13.252577,-1.4665593,15.074236,2.4562924,10.3440895,-45.703262,46.923576,0.0
9.824521,-65.93243,-176.38239,188.55861,-44.21566,5.7075725,-224.04158,228.4343,5.3392715,36.38593,71.03138,79.986946,20.751158,26.159855,-24.90928,41.65852,0.0
33.33418,-7.047457,2.8512774,34.190117,-28.341883,-7.8136396,-2.8529963,29.537346,-21.284668,12.272092,0.18618761,24.569818,-7.592104,-2.0961428,-0.7614769,7.912882,0.0
-68.65149,7.539715,-197.55956,209.28368,13.4240265,17.605278,-18.040604,28.55895,49.27143,-47.454166,-31.16514,75.17213,-9.047298,29.902239,-28.119497,42.032307,0.0
-12.504699,-27.20735,-8.975669,31.259897,11.864157,24.921831,19.092348,33.561657,-10.964915,9.89571,-9.30852,17.458927,6.5133924,-3.820085,-5.2304063,9.186166,0.0
-171.5458,8.663763,-155.73457,231.85402,141.33647,-42.65133,-86.33632,171.02367,133.18773,-77.15929,-0.88701403,153.92632,-106.77253,70.95647,-174.39107,216.44269,0.0
-44.599014,19.400257,-127.322945,136.29594,45.755444,-47.675915,195.02628,205.91702,-32.196644,4.179194,66.45607,73.96289,37.13105,43.901054,-253.75868,260.19125,0.0
44.545235,-29.405087,-26.766085,59.710636,-39.530613,15.658607,-41.07147,59.116215,23.535677,14.621909,33.522182,43.491104,-16.640099,8.52868,-43.069977,46.953865,0.0
91.16421,-38.097786,533.7738,542.84143,-9.037456,14.831192,41.04615,44.569347,-44.002373,51.17791,-20.994968,70.683716,-42.919544,-39.03983,-7.3495555,58.48267,0.0
-187.92776,-269.0791,375.25394,498.53375,-54.97486,-49.912334,162.6835,178.82784,-4.303654,24.864834,24.098267,34.892963,-3.0180295,28.301285,-114.88873,118.36175,0.0
31.6225,39.62336,-16.050327,53.175236,-26.421247,-33.073444,-5.213871,42.65114,6.1563373,-35.557934,-26.285976,44.645615,-19.985886,31.783014,24.818571,45.006313,0.0
25.283533,62.095592,132.30775,148.32553,-27.435808,-40.133408,-62.68625,79.32831,35.683643,20.072226,-17.995913,44.722137,-25.719122,-20.215345,32.94843,46.429863,0.0
-39.44311,23.214115,-190.23984,195.6677,45.286167,30.908615,-119.62528,131.59175,23.767897,-9.248299,-0.7792782,25.515703,-18.994362,9.814241,121.01076,122.88493,0.0
17.440649,-114.48288,-131.94489,175.55614,1.8960901,95.04432,-34.36049,101.08245,19.961473,66.44657,-160.24567,174.62039,8.77936,-31.805325,-87.2206,93.252815,0.0
-24.630424,5.914,62.351086,67.30009,51.439926,19.520073,-178.04842,186.35544,3.2656243,-30.985039,-16.783218,35.38961,-10.640696,0.63608855,35.62032,37.18128,0.0
-32.72522,-67.65635,130.31796,150.43636,-82.65886,-6.552188,60.810665,102.82682,-79.01888,47.0204,256.5422,272.52304,18.571266,27.973644,53.106335,62.830814,0.0
54.531925,-50.37698,112.42726,134.72736,-14.616227,-15.912991,-9.585709,23.637749,-17.495577,4.428304,66.15765,68.57516,-21.976746,39.989315,-20.366415,49.96924,0.0
13.665129,-28.432465,21.539896,38.198273,11.960852,-16.70939,7.8332424,21.991486,14.446445,-11.275478,-20.477427,27.480398,8.661915,-2.0884333,38.146408,39.173332,0.0
44.12586,-25.362656,62.47928,80.58546,-23.818624,30.440557,12.968873,40.76943,-58.177628,9.194069,96.731804,113.25291,31.075632,-17.774889,29.28824,46.25423,0.0
30.158411,-60.21369,13.645702,68.712616,33.6336,26.14652,-23.143984,48.481987,-35.303158,-32.57137,129.09837,137.74472,-39.604946,59.35626,274.98965,284.0969,0.0
48.698486,-19.620626,100.337906,113.244064,22.954248,14.905548,-2.1635382,27.454779,-20.952316,18.133936,123.04383,126.12547,-58.794853,6.5670857,126.29088,139.46097,0.0
-43.76913,-11.362124,-9.670265,46.2424,4.87151,22.018673,-40.01013,45.927937,-1.4433233,13.013352,-23.513569,26.913374,26.798323,3.8806262,-106.83769,110.21577,0.0
6.1053805,53.53578,-71.851006,89.81048,36.874718,-19.4049,42.655518,59.63043,-5.0179734,-31.512756,-95.1204,100.33008,27.423794,13.814757,-82.83727,88.34549,0.0
-37.232162,-5.52437,-84.02311,92.0687,-27.777102,-27.273596,-119.4238,125.6084,35.590218,-20.449055,-32.24088,52.19495,20.252329,53.22592,-36.360497,67.56666,0.0
53.041466,46.00638,-376.87878,383.36356,2.7063172,-45.472965,9.919182,46.620865,-29.620869,17.092356,-51.406208,61.742554,-15.753857,-1.3292825,-9.6233225,18.508358,0.0
2.9935,-59.249954,84.65973,103.37692,-32.25385,23.940464,84.28995,93.37158,32.161663,-10.806884,6.529189,34.551453,-34.806156,-183.10138,-68.79957,198.67303,0.0
-206.30447,-173.00478,-996.3098,1032.0492,-51.62776,-21.59754,-148.40344,158.60472,11.5803385,45.5199,-19.101427,50.705437,40.867348,4.255037,-64.33151,76.33348,0.0
63.845688,11.461527,61.05675,89.08179,4.692873,-57.777454,40.048412,70.4566,-45.27573,77.11228,180.89398,201.78906,-20.725754,-21.152184,151.56847,154.43436,0.0
-55.317997,10.221598,-170.8728,179.89464,10.562796,-59.936874,-129.21332,142.82886,40.62613,-26.537895,-55.927963,74.04519,-44.950977,-9.47099,-19.846262,50.041737,0.0
48.028683,-37.596775,-238.29086,245.97319,40.797623,-14.855092,-37.401657,57.30623,-43.349766,-9.879851,-207.11043,211.82903,-20.883154,40.494522,-106.68756,116.00926,0.0
22.851006,25.236092,9.2583685,35.28096,-15.071549,-37.91631,83.70298,93.11813,-76.03785,51.587727,79.79758,121.69927,42.68806,-101.39931,55.346844,123.1559,0.0
-60.818523,2.9448755,19.012938,63.789158,33.285137,-2.6317327,-5.300921,33.80719,18.262833,-24.829285,-53.395832,61.653473,21.952686,27.065088,22.441431,41.44959,0.0
-35.965996,-23.20606,30.513613,52.565823,43.35676,21.385824,52.755005,71.556015,36.360104,27.621647,-18.398275,49.229263,-41.066856,-12.236563,-29.749134,52.165527,0.0
21.911413,-12.177094,2.5200982,25.194098,19.523867,-10.745361,2.3966095,22.414013,-10.21781,51.100563,-25.631195,58.07444,-37.50935,-24.876968,-13.239578,46.916016,0.0
-4.510581,-19.562265,-15.641938,25.449907,4.903708,-14.180665,-1.3954272,15.069334,-4.3400636,-32.625896,71.58086,78.78525,8.646564,61.650837,73.6614,96.44481,0.0
53.419792,36.64655,-179.63567,190.95972,-33.282692,-28.645697,-59.457203,73.915306,-14.758092,-4.238788,2.2951596,15.525345,14.719931,10.402161,21.07896,27.734524,0.0
-8.649788,57.259403,-228.23988,235.47166,23.978989,24.684916,38.745605,51.822376,2.9611287,-34.70914,-78.90377,86.25136,-19.744791,-19.191746,-31.775852,42.046223,0.0
-0.93336046,132.986,-2.6875808,133.01642,18.557327,-7.3444567,14.46842,24.65057,6.4940352,-11.695739,47.26221,49.11915,-41.789165,-133.19415,30.056778,142.79509,0.0
3.6042445,42.6359,81.29576,91.86851,-64.309586,-64.69142,-23.928085,94.30412,44.60554,-32.68186,54.106785,77.36481,-10.437241,12.043844,-55.024395,57.286,0.0
-41.180077,59.944893,-96.44382,120.79155,41.66012,13.913071,-79.307465,90.65767,-35.963097,-19.450262,7.0827737,41.494987,-60.30976,63.64088,-453.1194,461.52423,0.0
-8.586709,-35.558083,107.75463,113.79446,69.580414,205.38292,31.91431,219.18512,8.184104,-9.131036,1.2095386,12.321912,1.8251767,-215.74283,246.59982,327.65802,0.0
-52.23333,31.374084,42.98633,74.56862,2.5649621,-46.63846,33.85426,57.687397,-16.238256,25.601353,3.337228,30.500141,70.374794,-12.634063,55.526207,90.52846,0.0
49.51987,28.269897,193.8994,202.10982,-36.941746,-0.4739244,148.40074,152.93036,9.659567,-5.7962418,25.378777,27.766836,-19.003325,0.3118957,17.266825,25.678358,0.0
24.144112,5.5597477,84.99228,88.52992,-87.79742,-56.49729,245.02014,266.33667,22.005974,-18.96159,95.5014,99.8215,41.592735,14.123113,214.10481,218.56418,0.0
12.415033,44.25201,-59.70039,75.34269,-11.311341,-57.574265,-189.7097,198.57623,-25.203362,30.133892,-5.8181567,39.71301,48.512756,-24.321814,-23.428688,59.109665,0.0
50.319164,-18.615791,18.251198,56.67161,22.101343,-31.326977,35.381683,52.170036,-41.781303,23.932812,96.676025,108.00329,-25.921345,27.764133,41.645424,56.36581,0.0
143.58366,14.341865,303.58792,336.13626,41.666256,-25.219452,28.051975,56.205177,5.703388,44.673332,240.39212,244.57436,108.84486,11.667286,402.67917,417.2935,0.0
80.49763,48.88691,268.07266,284.1351,-63.760597,-23.406418,83.64257,107.74671,20.83456,-46.880653,50.93079,72.28983,-17.82234,15.716125,19.12617,30.50316,0.0
-24.722372,1.8650827,-52.497795,58.057762,-12.359118,43.02387,24.670023,51.11186,28.914104,-42.69729,4.8910847,51.797855,23.07995,-34.342945,-19.518717,45.750557,0.0
-25.203974,19.993034,-12.155689,34.390896,66.63845,-11.56428,6.776116,67.9731,-10.619514,-54.05637,-16.495451,57.506313,-25.779417,35.37383,3.7565649,43.93187,0.0
-89.916405,-22.09399,-153.9837,179.67775,48.79003,66.67914,-94.44133,125.48207,16.028519,-29.10196,-97.19576,102.71739,38.717354,-11.166565,-147.72336,153.12064,0.0
4.9169517,-87.910324,278.45184,292.0408,-22.748522,10.030551,27.999777,37.444557,13.215756,-5.9378724,-42.99582,45.37142,-6.2529883,89.79414,93.9936,130.14183,0.0
-54.686863,-33.645332,-150.2983,163.43878,3.2204616,45.793167,-108.34016,117.66467,17.141855,23.88238,-50.156235,58.136555,-9.549816,-5.93152,5.1488814,12.364986,0.0
-88.05484,-13.50207,218.51259,235.97398,9.840544,28.285667,75.450554,81.17704,-4.954702,-42.783413,53.12269,68.388596,76.08608,2.0556147,66.526505,101.089584,0.0
40.309174,27.684963,87.54029,100.27264,-58.572777,9.48576,72.04932,93.33737,48.55908,-3.071685,27.62414,55.951084,-18.157833,-26.47578,125.14826,129.20052,0.0
32.883087,8.846958,15.925793,37.59251,-21.75148,-21.779585,8.986146,32.065994,-6.352996,12.603982,-8.675215,16.567446,-7.781594,-7.7652845,3.2081704,11.451864,0.0
-78.24764,10.1364155,-156.29378,175.08052,20.320051,10.142135,-117.72352,119.8941,75.606834,-24.161612,-152.34567,171.78297,-20.895653,6.1380343,-27.8519,35.35595,0.0
-73.5669,24.393335,277.32718,287.95398,11.208555,-17.909847,83.22832,85.8682,-12.850631,7.3176227,36.36844,39.260025,-6.9739056,3.9812105,19.811747,21.37734,0.0
70.984344,-209.82765,-16.329935,222.11053,-45.55957,6.09208,7.623423,46.592968,9.469614,31.524454,-58.045914,66.72925,7.2211123,2.508875,-13.459534,15.478951,0.0
77.06843,-112.75282,-252.0505,286.67438,29.059488,13.804053,-36.23346,48.45482,-16.776937,142.76527,67.530556,158.81996,70.949104,193.07751,161.5382,261.54788,0.0
-78.54904,-64.232445,26.486517,104.86798,85.13129,23.144415,129.32729,156.55206,5.527635,70.388794,98.243744,120.98335,22.161499,-2.1331234,-1.56961,22.319181,0.0
35.694065,-75.35472,-228.0894,242.85219,-14.641688,47.681675,33.863667,60.28831,2.0498772,10.65766,2.4400702,11.124425,10.487825,-21.372292,-20.671968,31.529522,0.0
-21.19005,-34.752758,-111.021385,118.24771,-0.6991797,-20.440516,-21.088058,29.377028,1.2714448,12.281301,22.8154,25.94204,1.0468345,10.724607,19.948748,22.673014,0.0
28.775358,202.99399,390.90567,441.4089,-32.51498,60.123024,253.16652,262.23138,14.184794,-47.552437,125.20213,134.67749,-19.036144,-237.02798,1281.1666,1303.0475,0.0
35.95179,-25.468483,36.897293,57.46812,-39.726444,3.3332465,44.212246,59.5317,43.965305,-18.700129,128.91342,137.48209,-35.729332,49.190826,87.86898,106.85172,0.0
21.6473,1.4888107,71.157776,74.392624,-35.429756,-47.825397,23.626856,64.0373,26.15001,-11.540575,5.863244,29.178701,-1.004429,37.74965,139.10101,144.13586,0.0
-155.17891,-101.525055,-696.59705,720.8573,175.5551,49.076458,-361.53513,404.88977,-100.342735,-47.77452,499.32523,511.5435,-14.793408,28.977648,69.62793,76.854385,0.0
55.85397,-14.501506,132.81871,144.81291,-35.869057,58.612034,-78.35932,104.22166,-4.4399824,14.327058,-7.3656626,16.71054,1.9468242,-31.384714,-12.766005,33.93777,0.0
67.18317,7.660316,-101.16224,121.680145,-22.321508,-20.880896,-25.754047,39.969147,8.127593,29.38645,21.220392,37.14751,-8.3964205,-10.4560995,-55.632977,57.226475,0.0
22.099619,-78.95796,57.5365,100.16586,-19.252762,4.628185,-15.310511,25.029993,20.763699,13.019109,-69.89772,74.06977,-27.500908,45.827316,-0.27562395,53.446518,0.0
-36.543465,-35.721676,91.45467,104.76363,22.90391,-17.305843,-9.225105,30.152676,-56.618942,30.053696,143.98277,157.60704,29.47453,-0.25075644,24.509142,38.33432,0.0
127.6127,-77.13162,-255.83647,296.11923,-108.06453,79.02245,-409.22177,430.56354,-11.30796,-3.7537823,-2.9712903,12.280088,18.340673,17.071915,-90.889206,94.27985,0.0
61.012863,-12.157531,160.71443,172.33543,-20.607018,23.356028,120.52529,124.48494,17.513596,18.928236,-12.196149,28.526503,-44.40292,29.987755,79.587326,95.942894,0.0
-24.188381,13.533425,21.880453,35.312683,-17.35949,21.157557,24.227339,36.55076,7.9872136,-19.794088,28.295061,35.443237,-27.172737,21.759182,16.454657,38.504368,0.0
18.74164,51.383396,-4.734603,54.89917,-5.904318,-43.49108,-42.52502,61.112297,-12.557968,-33.76388,-15.1642475,39.08525,-22.178589,16.385427,28.096216,39.36711,0.0
-48.3722,103.999214,11.173583,115.241295,-2.152211,22.165384,0.9361594,22.289295,-1.114059,11.577383,0.48744062,11.64107,10.104206,-6.283036,-1.196608,11.958403,0.0
-76.22287,57.957497,137.67163,167.69757,-11.565025,119.44442,254.70825,281.56174,36.65286,-159.74425,594.09894,616.29156,56.654655,-24.071476,262.56064,269.68,0.0
-52.986073,4.891457,12.555003,54.672462,-27.21516,-14.492112,140.58171,143.92326,29.515064,46.716194,-116.83786,129.24643,43.14187,-39.670135,-60.50287,84.23508,0.0
-21.433165,4.7992992,20.795757,30.246937,23.687225,-8.771432,-68.15842,72.688324,9.147107,37.049538,-33.18152,50.57037,-9.786714,-46.504826,28.173223,55.246902,0.0
-49.212814,43.78208,-249.0138,257.57843,-31.538336,-20.490162,-33.948673,50.66582,77.177025,-41.21102,-30.770468,92.74413,-5.0130253,29.899975,-11.664791,32.48411,0.0
-16.849174,-12.558486,-67.403114,70.60313,32.068394,13.610642,-6.905492,35.515186,13.786644,29.914507,-32.56014,46.31547,-17.910084,-11.076983,84.9528,87.52404,0.0
35.280594,-16.025742,-4.5488076,39.01599,-8.13213,49.085526,-73.85855,89.054016,0.89200485,-26.025158,-26.181543,36.926804,-28.32546,40.87618,-281.00162,285.36838,0.0
74.60031,0.24124041,20.79675,77.44527,-0.7774363,48.982525,0.16659354,48.988976,-72.6154,-9.61479,26.24942,77.81057,32.48913,-23.974297,68.886986,79.84822,0.0
69.435844,17.54977,34.447083,79.47291,-11.901141,-9.235252,-18.658852,23.981054,-7.603454,-31.144384,-8.335487,33.125168,-56.77271,7.2243485,107.822395,122.0697,0.0
45.827145,20.339968,-67.42085,84.02031,-30.400845,21.971878,-9.662349,38.73417,-19.765673,17.127373,-22.25129,34.338894,-7.077454,-64.44309,-244.09357,252.55629,0.0
-22.306808,67.27582,-74.63516,102.92733,-19.719604,-20.234615,4.881206,28.672787,27.873299,123.46673,-448.61545,466.12958,-1.4782519,-12.606204,-71.06524,72.189896,0.0
-49.27673,11.92813,-28.518827,58.170532,9.33561,38.11962,23.88881,45.945026,35.101715,12.715471,-32.68487,49.61981,18.906359,-52.906273,62.311314,83.900154,0.0
51.32395,-15.87762,-10.905543,54.819607,-1.2010021,16.168663,3.236886,16.533503,-27.536581,-29.099108,30.787273,50.52612,-9.420929,20.74193,7.662615,24.035564,0.0
10.086217,-70.955605,-107.39918,129.11627,-38.24177,9.95042,-28.28285,48.593864,7.2160363,-18.143631,-40.84523,45.27258,38.027992,-48.331905,-101.79328,118.92848,0.0
-8.123119,-25.740477,66.133965,71.430176,24.72003,14.079182,14.906253,32.11714,-53.269196,-44.00425,114.22247,133.49443,30.795929,66.692154,75.373146,105.249016,0.0
95.00167,-57.22245,-1.2708836,110.911415,41.990227,2.90649,-61.775074,74.7515,-28.916275,-9.913629,115.89206,119.85579,59.34908,-63.434155,488.66455,496.32574,0.0
45.605354,-24.119654,60.92953,79.83742,-10.189525,41.88611,101.76405,110.517845,-36.005863,-13.558054,140.40984,145.58559,31.626919,-2.61901,16.61982,35.823727,0.0
-25.791143,-66.3243,-5.12033,71.34644,-52.79607,63.08607,-25.034353,85.98836,-73.88084,2.4735618,-80.18279,109.05859,1.6718466,23.065184,6.6310744,24.057617,0.0
48.525898,25.829212,41.83332,69.07921,-24.406477,1.9906725,-26.122335,35.80524,-53.084393,-32.929897,57.33708,84.793175,41.79349,-6.774371,50.31928,65.76191,0.0
-36.152473,-64.09883,-93.44052,118.94029,13.995359,24.701021,-40.913086,49.798508,-14.74278,42.93988,-13.718969,47.427887,44.850746,-5.2071753,-71.921906,84.9204,0.0
22.208046,-16.536255,65.94449,71.521545,-2.2970512,87.88936,230.5535,246.74834,-56.750423,30.069832,60.245552,88.05875,22.741495,1.810254,97.52183,100.15474,0.0
-29.509598,19.720428,70.23182,78.690735,34.17023,-34.637344,129.88293,138.6973,33.87189,-14.210875,-14.505112,39.492573,-46.161358,31.752851,6.9416695,56.456287,0.0
32.992134,16.54594,-43.77971,57.26178,-27.288088,-26.003237,-148.63033,153.33551,33.222023,19.527126,-77.85107,86.86663,-35.33377,-22.087362,-18.302896,45.511913,0.0
69.31801,45.69277,52.764614,98.37133,7.442931,-18.123947,82.323906,84.62329,36.363483,-21.673174,147.58678,153.53795,-89.11833,-19.85977,392.83762,403.3087,0.0
37.169754,5.7355413,-17.436586,41.455193,-36.927143,-11.355303,28.405092,47.95224,1.9449344,60.23766,52.434967,79.88614,6.749235,-34.50185,22.950586,41.98417,0.0
-25.716124,-79.51537,-55.947224,100.56891,13.338207,59.634796,-170.41266,181.03781,52.00303,-8.604843,11.164259,53.879482,-20.528795,7.0691714,-42.629368,47.840023,0.0
-28.050531,-37.730118,7.6995287,47.641125,0.21137217,28.71691,-12.844903,31.45945,7.2344975,25.52969,71.84783,76.59122,0.14000165,20.961489,-9.379206,22.964605,0.0
174.00153,136.699,-61.48706,229.6602,-74.77203,-39.939476,98.255104,129.76935,-9.246702,53.976612,-57.641186,79.50776,17.692492,4.583994,-6.553937,19.416264,0.0
-47.410667,-1.7140263,-216.91496,222.04237,42.598465,2.7597234,-160.2725,165.85994,4.8442507,-11.5388365,-12.782435,17.888605,4.9602118,-8.336528,-9.994379,13.927993,0.0
-30.522924,29.371733,-2.9032452,42.459118,11.792129,-16.832245,-18.985159,27.978832,6.813781,-9.667744,-10.929074,16.10396,8.238279,-6.3420596,-9.800339,14.287673,0.0
18.88836,-183.7873,315.3759,365.50858,1.5702205,167.40134,250.244,301.07764,24.145323,22.836945,8.474359,34.29794,46.05759,-55.7752,58.455746,93.0014,0.0
-22.378471,34.515102,145.21645,150.93013,19.136427,-21.24135,13.490599,31.613194,47.136257,28.12242,61.343056,82.314514,-28.680153,-18.513346,77.51803,84.701546,0.0
14.605731,-27.269087,-6.163381,31.542494,5.436328,42.701126,-22.540867,48.590553,-21.32455,26.367397,-54.750805,64.40216,-11.491829,-35.617123,16.967495,41.091957,0.0
12.495092,45.849968,-78.86096,92.072845,20.396034,-38.906906,-31.701654,54.17335,-57.874836,17.510328,-284.7619,291.11075,32.648144,-6.6103587,-190.52553,193.41557,0.0
-19.508154,46.32148,86.560844,100.09509,-7.2059507,-41.44238,76.94465,87.69194,12.498501,-7.8593373,34.37416,37.410904,17.127079,1.0169537,19.318127,25.83742,0.0
-6.061715,-41.38719,29.23208,51.030956,8.927522,14.855665,-18.857058,25.612108,-17.30896,-32.203747,25.740578,44.713196,16.080452,44.53254,-1.847441,47.383038,0.0
-16.886063,28.750296,10.014869,34.814186,36.284946,-32.417114,90.09458,102.393906,-18.101633,48.688198,32.850304,61.46026,-3.4592543,-43.80507,42.8072,61.345894,0.0
10.882843,56.981056,-0.6799262,58.01499,29.581816,-29.218082,4.2317057,41.79339,-31.868607,-22.052614,-4.7355356,39.04294,-9.691002,-6.695194,-1.4466043,11.867342,0.0
-58.419632,25.051733,28.60455,69.70411,30.417269,-2.3781338,22.152224,37.703934,26.390083,-40.701523,-8.113095,49.182148,-8.438922,32.516846,-1.4541025,33.625675,0.0
-50.660435,13.63033,50.049282,72.50652,39.75842,-14.529363,29.588202,51.64587,29.352745,-7.9121904,42.884975,52.56717,-31.365908,9.399699,-29.156652,43.84387,0.0
-49.417202,21.92992,-28.282938,61.015617,-35.004314,-18.445934,-16.3237,42.80208,25.086273,5.816232,75.64938,79.91239,15.193884,-36.245304,-3.6958416,39.474632,0.0
-6.0112762,40.90962,-0.31125048,41.35008,28.913523,-4.357318,-66.08682,72.266495,11.926196,-23.001846,-54.714455,60.539165,-28.664646,-14.618613,-67.95172,75.18512,0.0
-32.204285,-39.959354,3.6314535,51.449524,41.924686,28.812956,79.26791,94.1874,16.996983,36.302773,27.725422,48.738976,-15.08339,-30.245834,112.03534,117.02238,0.0
-30.699741,45.75667,-14.551777,56.990364,42.713108,-3.840968,-26.426464,50.37381,-46.83076,-11.454183,-64.04934,80.16637,42.80231,-22.866318,-53.75992,72.42269,0.0
-34.619644,132.30966,-227.86827,265.7599,-6.9218354,-31.22041,-50.469505,59.747776,8.271162,-37.66412,21.394938,44.099346,-18.234045,-29.580322,-73.648994,81.43501,0.0
48.2511,39.058678,-116.36555,131.88896,34.33232,251.77512,-468.61533,533.07574,-49.118126,-2.5977685,-31.907112,58.629456,4.563782,-33.237774,2.409866,33.63624,0.0
30.052565,53.121845,-89.39293,108.24137,-52.26645,-214.6119,180.13971,285.02698,27.690088,147.2079,-51.068966,158.25598,-16.243086,5.7862163,13.705972,22.026869,0.0
47.2541,-40.71615,-72.3402,95.51889,9.969385,-26.654047,27.336695,39.46038,-21.90565,69.853775,-92.64478,118.078255,-57.843174,-13.2438,-89.22523,107.155876,0.0
25.001152,3.028559,-50.517624,56.447067,29.843018,35.759663,38.21078,60.244785,-13.622228,11.586216,-6.811176,19.136581,-77.73287,-74.82554,-372.04593,387.3751,0.0
-58.909367,-13.870353,-95.92423,113.42027,20.343336,-47.392178,-27.660206,58.523132,-21.553276,9.704776,-5.000001,24.160662,1.3797202,-16.484398,1.3549588,16.597773,0.0
-13.201665,95.10632,-63.447407,115.08723,-15.992633,-4.9286766,17.814278,24.441862,15.833534,37.18019,-90.41941,99.039116,58.23141,-31.674927,-57.55373,87.787476,0.0
-8.233069,-34.75484,-50.974556,62.242172,17.793514,9.125293,-48.1874,52.17189,2.3162389,28.235395,-54.89066,61.770435,0.9058958,9.743667,-31.602806,33.083183,0.0
-40.021744,64.15986,26.612503,80.16517,9.576588,-27.066973,5.9526014,29.321758,-32.057846,13.439385,76.188736,83.743996,44.99152,-36.62459,193.94066,202.43167,0.0
-75.25707,-18.148523,23.299717,80.84482,19.307337,-0.6070186,15.507652,24.771763,27.32027,2.9236896,5.9153557,28.10601,-22.760462,-12.405249,-8.134768,27.16826,0.0
-36.117085,-5.8309145,-5.251634,36.9599,58.00326,-5.1975236,4.793631,58.43272,8.4176445,-26.032722,-15.104697,31.25256,-67.29026,38.909058,-3.642415,77.814995,0.0
-57.807476,199.35394,571.7943,608.30286,-44.130035,-116.06211,4.7816024,124.260765,74.45272,5.201079,99.59872,124.45953,24.259539,-64.16725,71.22567,98.889175,0.0
49.480072,10.949401,52.49291,72.96358,-32.41442,-20.838003,31.266298,49.62368,30.470242,-41.68711,61.037346,79.94886,-6.4496922,36.779224,13.4274645,39.681454,0.0
1.862784,-88.01632,-63.76345,108.70197,30.023647,-4.1888375,17.9736,35.24225,32.140007,41.57459,174.255,182.00616,-28.030155,27.80026,42.367947,57.91026,0.0
36.873177,24.517149,-6.5566278,44.76296,4.2506204,-33.119877,37.78742,50.427116,-26.264313,-47.980164,-52.08241,75.52813,-13.149538,28.513838,-28.060856,42.111427,0.0
-15.504105,48.327374,-14.699457,52.83925,-48.966263,-6.823879,55.999287,74.70061,33.168102,-27.186733,19.147572,46.9667,22.217852,-17.981876,-70.06672,75.67249,0.0
-115.29622,17.548182,124.95422,170.92313,24.437191,-33.481556,48.3957,63.72076,27.788239,25.317028,9.107364,38.67922,8.841036,25.192398,43.371716,50.930603,0.0
19.818548,17.317934,64.57816,69.735466,-33.33312,21.529305,143.20941,148.60536,-32.69615,-75.64057,303.6476,314.63058,55.116768,28.43815,262.6999,269.9219,0.0
-33.37728,8.350203,91.47474,97.7313,73.69203,16.850092,233.8463,245.76114,-46.56094,-33.778355,-31.725973,65.69206,31.65756,-10.379094,13.439905,35.924488,0.0
-39.868114,-40.572193,-34.158695,66.35048,39.67521,43.513687,46.590057,75.08792,14.388923,40.99208,-22.736517,49.034077,10.825738,-43.127876,47.172623,64.82643,0.0
-46.283497,-49.028492,23.46974,71.39176,37.554863,1.6177921,-134.36298,139.52202,30.408474,0.30419117,-6.743841,31.14879,19.779099,7.38982,13.34893,24.980314,0.0
74.87701,-72.25434,141.76729,175.85568,-21.261803,-68.123566,84.52283,110.62093,-37.936516,166.42607,313.92682,357.333,-9.799228,29.753736,4.3365,31.624771,0.0
24.068182,140.97385,-166.76004,219.68571,16.111116,-61.192654,-53.654076,82.96306,-33.449245,4.194877,-50.90448,61.05511,22.738863,-65.31615,-21.862686,72.534424,0.0
-81.6608,21.540792,104.397285,134.28062,20.658125,-6.488585,65.05547,68.564384,33.861866,-18.355118,-3.964844,38.72037,-39.238235,-34.044464,18.60218,55.17895,0.0
-10.966156,-37.543617,-12.411202,41.034485,-60.262203,55.100388,-182.65784,200.0787,6.6492987,29.068512,-72.75764,78.63127,24.459045,-2.1309693,-148.29248,150.3112,0.0
32.24044,-76.204025,-137.24455,160.25786,-34.7069,101.24613,-276.25146,296.2604,44.46137,9.92841,-75.84044,88.47129,-18.950422,-13.756664,-121.377594,123.61592,0.0
-26.444292,-71.053406,21.669704,78.85096,-11.924035,-19.760271,-11.06768,25.596006,93.0692,29.26879,-341.1929,354.86777,-6.7279024,51.178017,-222.55887,228.46645,0.0
-45.241287,39.78298,-10.354314,61.12832,43.367245,26.831558,-13.228606,52.684406,-48.13872,-21.06516,56.99533,77.52126,29.526129,-5.4615355,61.837704,68.74244,0.0
52.577965,42.42411,42.02698,79.56453,1.2014475,-33.50105,46.92206,57.666653,25.630095,1.3070892,47.84057,54.28942,-77.4001,-15.758295,73.31215,107.76726,0.0
-61.742172,25.239912,204.71681,215.30939,27.0058,1.3452858,46.450394,53.747204,28.301346,-17.498997,22.591158,40.21881,9.389935,-12.449602,-70.87587,72.57109,0.0
-4.65305,-50.164433,-54.81553,74.45041,-31.813982,34.69071,-52.62564,70.60477,-13.09951,31.165543,-21.827402,40.24082,42.852097,-10.35668,-89.19676,99.496864,0.0
-49.041267,-30.151041,266.14932,272.30423,33.053085,-14.736838,111.16447,116.90689,2.3436415,54.373333,18.787052,57.57531,13.507026,-1.0860027,-50.82678,52.602203,0.0
19.652119,54.155357,158.68237,168.8168,43.35289,-20.996136,103.64792,114.29442,-39.061356,7.206937,183.4921,187.74208,-24.048998,-29.06999,161.35695,165.70908,0.0
-2.0154846,-33.117348,12.494768,35.453354,10.336751,15.286401,54.564392,57.600307,-14.006534,8.914666,22.996025,28.363205,5.660671,8.422032,29.998953,31.668772,0.0
44.367237,-8.504249,32.584167,55.700104,-13.490553,9.672513,21.312044,27.013992,-14.902504,-2.980337,17.115868,22.889297,-11.775829,-2.3268375,13.513376,18.074726,0.0
-39.270313,-23.719099,-33.77579,56.96979,40.31311,24.80264,68.83918,83.54131,-28.623907,-26.46996,53.642094,66.313354,7.359868,29.831501,-124.11223,127.85903,0.0
-16.405916,25.10193,-20.281153,36.20202,21.617739,-9.489966,-4.412859,24.017897,-11.267703,-17.53721,-5.6596146,21.599678,-10.689434,-16.621248,-5.3709664,20.4787,0.0
-58.788254,28.968609,153.88663,167.2613,116.46709,25.088367,243.89221,271.43585,-41.59022,-30.13079,41.003036,65.71812,-6.292624,-15.255515,15.034301,22.324184,0.0
81.75315,-60.048527,-304.47803,320.9303,12.8253,-26.509485,-10.399761,31.231333,-75.129364,51.80251,-202.10265,221.75078,-45.063602,-33.916786,-197.23659,205.14229,0.0
38.267193,8.981471,-69.756584,80.06887,-39.967377,-44.09624,-130.4819,143.41338,38.182087,39.22505,-97.27209,111.61697,-32.600853,-8.479446,-121.57837,126.15874,0.0
-27.459736,-53.809975,110.3015,125.761566,20.120998,-31.191904,75.03604,83.71497,-5.3024135,10.068714,-9.351858,14.729285,-4.5868397,8.592195,-7.994657,12.600771,0.0
-10.610276,-29.646824,-78.75598,84.81755,-4.9022965,29.58844,5.682468,30.52538,17.268507,8.481751,-37.52641,42.170887,12.768291,3.8287206,44.74812,46.691475,0.0
-62.233013,16.860044,143.36371,157.1953,22.712124,58.187588,2.5883467,62.516678,9.943309,-38.648495,80.53126,89.87691,-26.90505,4.861757,-54.060413,60.580906,0.0
46.445316,-11.621926,66.40999,81.86894,-31.731123,34.94941,90.1136,101.72899,-37.367546,-14.690954,125.447235,131.71628,26.76941,-9.759633,9.419301,30.009768,0.0
38.627075,-61.562813,-151.06834,167.64153,-10.558976,29.566338,-71.69874,78.2712,10.554585,128.41519,-381.20062,402.3876,-18.47512,-6.732253,-24.262459,31.230295,0.0
33.469875,-33.16298,-4.144283,47.29895,-28.328487,-14.422886,-79.93151,86.020744,17.988546,40.966198,-143.91064,150.70534,-22.579102,14.076931,0.8431845,26.62138,0.0
-2.573967,23.569754,-15.33419,28.23663,35.478115,-6.4458065,46.97927,59.222527,-39.142822,-41.902996,-73.997894,93.614746,-0.7679548,48.603497,210.93343,216.46204,0.0
47.857613,14.540421,9.853202,50.97902,14.304456,-44.09181,-54.61706,71.63608,-71.130875,0.9068533,-85.774,111.43434,3.9943955,18.68194,15.282427,24.464952,0.0
23.866728,54.927273,75.1311,96.0797,-27.183973,34.23473,201.87184,206.55077,-69.96329,-34.5398,-260.24832,271.69293,29.530275,-31.662123,-186.3558,191.31917,0.0
4.2764964,70.40038,-183.4818,196.57077,36.94565,-53.589336,-153.9214,167.1185,-29.705708,-8.85441,-11.857872,33.18793,-29.838839,-10.494306,-49.803696,58.99911,0.0
35.38588,-22.020273,-11.899268,43.343475,-21.22165,-27.52089,63.2423,72.16202,42.39514,42.22185,161.3146,172.0536,-39.463837,3.5858524,72.624,82.73155,0.0
51.590137,13.072493,20.871107,57.166737,-53.88844,16.047821,-108.41492,122.128174,-29.178514,-29.271214,18.959856,45.471592,34.540886,-20.441568,-48.151844,62.68597,0.0
-20.09336,-25.983553,14.762144,36.011234,23.025852,21.457268,32.850075,45.494305,-4.393646,14.056472,20.992,25.64279,-2.9954813,9.633364,14.377165,17.563526,0.0
10.090797,83.38489,-123.862785,149.65582,11.471133,12.141751,16.807407,23.696186,-27.561522,-68.86435,-239.42487,250.65158,29.268225,5.7742815,-45.057335,54.038372,0.0
37.38928,24.607653,-34.263752,56.36941,12.271552,10.701096,-4.3486896,16.85309,-24.922102,-51.889717,-23.328571,62.111897,27.318264,37.182762,-22.63219,51.391365,0.0
7.2118125,-34.32064,-8.670899,36.126183,-1.5419736,18.62167,14.445241,23.617987,-10.876642,10.139263,6.2954125,16.14739,-2.8794205,15.914684,28.816284,33.044613,0.0
-44.369118,97.23106,-51.086895,118.4583,-18.896374,-19.093613,-15.709808,31.11972,-11.647053,21.028286,-73.14693,76.99555,-0.8734795,10.205822,-36.141167,37.56469,0.0
7.5519724,90.87756,86.723526,125.844086,0.7328228,-66.73333,147.17224,161.59686,27.08578,19.385674,147.59587,151.30759,28.064716,-4.2564282,97.25926,101.31688,0.0
-69.12302,65.91867,-95.118126,134.79881,38.257782,-32.70337,-27.197868,57.209198,-6.4368563,-27.114853,-5.9883866,28.504547,15.516248,-8.462288,39.216393,43.014996,0.0
-81.26109,-35.817383,138.60384,164.6125,27.244923,-15.956526,34.73555,46.940975,27.542074,45.274982,107.46726,119.82326,-1.1902119,-9.178103,-11.818244,15.011204,0.0
31.546886,-71.29969,143.91623,163.67874,41.62013,36.68527,57.153908,79.653076,9.384035,23.607306,31.67915,40.6072,-100.90799,12.132837,333.78906,348.91943,0.0
24.858864,-71.33162,-17.043468,77.437996,-13.931856,7.6495314,31.5698,35.344933,-8.397874,62.842144,95.680305,114.779755,-32.64839,-13.989435,5.1005898,35.883827,0.0
-2.714041,-63.766983,80.87134,103.02319,-42.53171,-4.9393325,-69.09611,81.28731,93.14315,-187.74754,107.78833,235.67587,44.05286,-6.921161,-152.89967,159.26984,0.0
2.5823154,-68.16623,172.50851,185.50603,31.952976,-31.34153,87.46438,98.25121,-61.1275,35.852566,162.50095,177.28099,-78.60591,117.44806,148.38,204.91357,0.0
-55.801086,33.978462,221.82033,231.24136,79.78225,20.538628,61.4795,102.79486,12.752687,-46.83754,70.39428,85.50878,19.671434,-25.197153,112.600426,117.05012,0.0
-20.246515,-0.23326102,-42.962097,47.49451,59.538067,-12.709889,-285.49908,291.9179,-47.51552,-33.13482,-341.34027,346.2208,11.99635,37.811653,-180.2895,184.60214,0.0
-31.671848,-6.0787606,-22.349262,39.2372,-30.152067,33.329197,24.870773,51.366814,7.0659876,-17.493212,63.892334,66.61968,43.423058,-10.239579,65.69723,79.41377,0.0
-80.06383,6.386307,113.78715,139.27855,-3.3709526,-68.20413,287.40024,295.40155,11.711424,24.041544,95.46209,99.13709,18.875593,-8.840197,55.9636,59.71902,0.0
-64.01957,-26.947708,2.4911156,69.5046,49.404503,15.7781725,-11.654764,53.156273,14.071006,9.288609,7.5186286,18.460802,8.505407,5.6548023,4.5269494,11.171929,0.0
-4.9244328,-55.510773,32.238888,64.381996,-15.691618,25.729776,-14.505629,33.4464,21.100372,-30.649218,25.278687,44.9847,7.0257015,53.947704,-9.276353,55.18856,0.0
37.186897,-62.598392,-203.8037,216.41946,16.90575,18.75633,31.919735,40.69994,39.283436,8.845903,-46.451946,61.475464,-116.07091,53.150383,158.0726,203.18558,0.0
41.809708,31.176395,18.835188,55.450733,-1.4093326,-49.433357,59.55553,77.41127,-13.737687,36.8121,42.31875,57.747128,-15.480312,-28.612638,11.475791,34.496624,0.0
-15.310399,69.79512,-67.23235,98.11196,15.86226,-13.133981,-84.1524,86.635666,-42.265766,-20.7184,-61.651955,77.56689,45.676445,-16.750233,-49.70539,69.55247,0.0
6.854501,72.29649,124.6369,144.25026,-23.224976,13.891614,20.363623,33.868343,-19.900354,-14.102148,3.8553336,24.69351,45.480106,-68.5322,121.80647,146.97594,0.0
-23.13399,-3.5363808,-85.4426,88.589645,-16.10833,-2.6884117,-43.400646,46.371567,-15.3777895,25.75047,-9.293496,31.399734,-47.3299,18.5865,-163.0437,170.78886,0.0
16.186464,70.7141,-106.846794,129.14615,-2.6993654,45.262287,-34.39337,56.911026,59.523853,-61.909916,-53.758125,101.320656,33.24592,35.33433,-40.8777,63.441338,0.0
57.32922,-37.212875,36.33365,77.40524,34.41921,20.943544,114.6291,121.50367,14.474219,7.197596,27.407337,31.819519,-126.180466,26.552979,394.5308,415.0676,0.0
33.82461,-43.07978,35.173195,65.09321,-49.916878,-12.583752,-17.889048,54.49829,18.979727,38.46137,-49.064693,65.16787,-1.7087449,24.15528,-28.318163,37.26011,0.0
-43.480106,-37.476795,-99.7858,115.118355,38.352085,-19.652695,-105.98264,114.40906,16.553637,32.938503,-69.08743,78.30734,-9.836612,12.929093,12.5557,20.532072,0.0
35.52571,43.47697,22.679064,60.55298,21.405067,19.301043,-46.607117,54.799,-5.3223963,-23.64988,2.6283195,24.383451,1.384142,-18.092264,-2.5276675,18.320345,0.0
-74.17256,43.92022,134.7827,159.99042,-65.716545,-30.933092,45.86358,85.90104,37.882664,-25.613728,52.106216,69.326965,109.63018,0.5892262,415.258,429.4861,0.0
50.10141,69.745705,270.7875,284.0783,-53.139145,-11.002117,-286.13028,291.23074,30.557611,14.785994,-109.91291,115.03582,-24.5036,-6.6817865,127.28697,129.79617,0.0
41.83076,25.944464,75.36472,90.01538,-38.869694,-19.976643,60.32823,74.49439,-20.196297,-36.61424,36.267246,55.35166,7.9464746,10.261809,-20.403141,24.181383,0.0
19.77809,68.89775,-133.44582,151.47894,-29.322184,-71.215,-80.01993,111.0611,11.682266,28.904947,-30.349676,43.5096,-8.67821,-17.328125,0.7551436,19.394758,0.0
18.12745,-61.075478,18.700272,66.396675,18.957424,17.619736,-18.00359,31.527262,-8.420696,-8.449197,4.7129345,12.826098,-0.09444712,8.192525,-9.825661,12.793357,0.0
32.968784,22.974934,-156.95926,162.02159,-11.357175,-11.901007,5.8185816,17.449219,-13.174366,28.832247,-29.333696,43.189575,-22.934832,-52.62317,-307.99203,313.2959,0.0
-68.1959,-137.71916,319.10968,354.18674,15.414024,-1.11454,9.198261,17.984814,-9.706053,86.065155,346.8733,357.5227,60.789898,36.037926,307.73007,315.74036,0.0
-38.791477,-61.292328,61.216496,94.91568,30.809862,8.189875,5.4289346,32.338753,6.57813,27.725853,0.055368803,28.495771,-9.471358,32.645172,-173.71924,177.01355,0.0
12.249861,46.73507,-81.428696,94.68294,-12.712795,-40.865025,-65.06086,77.87478,26.071009,2.9441307,-33.523903,42.57015,-22.708479,-8.469699,37.712795,44.829296,0.0
-3.8596337,45.82407,15.226497,48.441597,27.92509,-28.349625,-26.782648,47.96689,-23.874737,4.708199,3.5046725,24.585852,-10.8772745,-4.4232965,11.033332,16.11292,0.0
-86.878845,15.40362,235.12146,251.13206,73.06033,-29.338926,58.84208,98.29026,0.09016872,24.01255,82.394646,85.82242,15.41212,0.35642812,28.162174,32.105583,0.0
-38.960346,-53.634132,38.448307,76.6342,-43.854454,0.68315476,41.741837,60.548008,38.602665,21.352324,95.76439,105.436745,-8.052097,-2.8950658,-0.82470715,8.596385,0.0
149.19608,-32.725304,11.851215,153.20204,-69.480194,54.711555,-208.17719,226.18266,-78.31064,-32.009144,-174.26662,193.71628,0.7330456,22.854515,7.668707,24.117945,0.0
-14.930144,57.588867,-106.47598,121.96939,63.152416,35.599277,-48.567715,87.26036,-17.655682,-28.713251,-23.649218,41.17609,-32.059017,-21.48193,-171.3938,175.68468,0.0
-19.836718,-43.30961,-14.583368,49.818592,4.0014133,43.507946,-20.52777,48.273617,35.587,20.192741,-187.73016,192.13744,-11.278136,-13.7803,0.5766077,17.816439,0.0
9.968589,22.932447,57.155766,62.386395,-22.83455,56.74661,116.862854,131.90349,7.7566633,-8.297232,34.60972,36.426003,8.857776,26.153292,114.25682,117.54611,0.0
31.107931,8.208508,-28.991768,43.308266,-20.09368,-51.58062,-113.615875,126.38387,37.178753,-0.38035697,-85.83196,93.53899,-47.84636,34.097748,-164.42831,174.6099,0.0
53.962864,28.155006,44.44701,75.36731,-33.736916,-28.28337,107.2414,115.92603,36.578617,3.9771252,23.349155,43.577465,-7.147666,1.4395931,-27.558945,28.507141,0.0
85.58309,-86.98719,139.17155,185.09448,-73.89143,27.981846,58.6114,98.37803,16.729408,55.192223,54.87724,79.6089,-22.393223,-0.20112742,35.41636,41.902584,0.0
-0.81438434,46.231087,-55.358578,72.1287,7.566412,-23.323837,-23.28812,33.816986,8.488086,-15.911096,-4.5555115,18.600088,7.193513,-13.432217,-3.830421,15.711245,0.0
-52.87978,-90.561035,217.7454,241.68294,-75.25958,-18.675547,92.17139,120.450645,2.3511834,-16.008648,27.06685,31.53459,-39.81017,-50.699997,84.350204,106.161705,0.0
38.06758,-14.193525,-22.904972,46.63941,-20.946356,8.6950655,-24.086565,33.08348,-16.36718,6.7245307,-18.776463,25.800377,-10.273034,-2.7186532,-10.4332905,14.892275,0.0
-40.21495,-23.678474,14.8766985,48.981922,32.897045,20.781889,9.083988,39.957745,1.7050217,19.421623,12.754085,23.297733,9.24755,0.011893237,32.325005,33.621937,0.0
21.243221,12.6554785,-19.170881,31.288488,-61.515423,40.42735,-239.82268,250.8654,-20.454395,-57.265392,-171.60548,182.06087,58.821293,-10.196686,-154.74246,165.85884,0.0
-52.359257,-11.290719,-4.948916,53.790928,17.446653,19.174713,-53.43747,59.39376,15.659173,1.1020358,-36.070793,39.33861,5.3987684,5.9492636,-16.573906,18.418327,0.0
-77.27285,-28.857376,-11.34296,83.261665,11.072976,-27.20366,34.15882,45.04969,39.660767,20.781002,2.1690266,44.82792,14.909114,28.69245,-5.050314,32.726982,0.0
-33.99846,-29.931545,62.787544,77.421364,28.865297,35.46441,81.11728,93.1179,13.538047,-57.402107,5.281416,59.21305,9.244342,28.657461,32.33823,44.18688,0.0
-7.327313,36.459602,-68.83617,78.23944,4.028782,35.387497,-59.4315,69.28643,-32.618706,-68.5883,-203.94423,217.62718,25.709229,-1.562625,-17.72885,31.268667,0.0
-12.130914,56.501797,-43.43723,72.29396,39.103184,12.241135,10.106937,42.202675,-16.951408,-46.20094,-28.152063,56.695915,-18.90942,-31.738039,-3.3395984,37.094925,0.0
-12.908513,-37.893345,119.175026,125.718864,19.242928,-19.961086,3.2738724,27.918894,-66.29372,23.843914,-15.982694,72.24159,61.354443,22.484636,178.76003,190.32889,0.0
88.22708,-86.60675,-28.514137,126.87712,-117.780716,30.129866,8.215762,121.85074,-4.2601504,15.063251,8.768439,17.942574,12.469563,2.4292972,22.988962,26.26564,0.0
6.7569094,-22.881693,23.995132,33.83776,4.939755,-16.5836,17.403,24.541422,-21.449356,31.538572,7.7206087,38.914978,12.293067,4.3857365,10.411471,16.69623,0.0
-36.19361,136.45023,344.61295,372.4067,-4.6974764,-125.2597,225.04472,257.59888,30.442074,-1.4304549,53.028736,61.16218,-4.030526,-14.720378,34.654694,37.86664,0.0
49.378677,-71.75687,-3.1777256,87.16306,47.09724,-1.0427169,-59.28721,75.72457,-91.63095,107.60364,-154.48695,209.38243,11.501359,-1.655251,1.750906,11.751508,0.0
-53.158638,2.7603362,68.208725,86.5211,36.47318,19.524633,54.95586,68.78707,-35.729095,-26.18702,152.15382,158.47122,33.68867,-17.864727,31.345959,49.362488,0.0
-20.661066,13.393207,28.102451,37.363304,43.674263,-25.802654,-6.858738,51.18859,-13.422439,40.627003,-0.32290602,42.788208,-3.2249177,18.820332,108.02157,109.69629,0.0
-51.717564,-13.750427,114.22198,126.13664,63.4475,102.890915,148.46088,191.44913,-155.7795,-106.90895,124.95195,226.5166,270.2486,170.37363,414.38867,523.2394,0.0
98.28843,-9.722709,72.061264,122.2619,40.012135,-19.773823,38.21881,58.75928,-107.28739,54.089794,210.92146,242.74301,-22.60528,-68.85953,-28.409058,77.8442,0.0
40.32284,-49.374756,-12.383299,64.939545,23.00066,41.76488,-23.730509,53.25855,-13.295185,26.907393,6.446751,30.697397,-27.98264,-3.9761748,32.17886,42.82893,0.0
-3.6774123,-68.16133,-44.910244,81.709366,52.45361,-12.460698,-104.02406,117.16508,-22.945972,53.94402,-78.74498,98.16954,-17.331198,40.547703,23.796331,50.107513,0.0
50.09249,80.99578,-180.66272,204.22685,-8.755234,-164.8615,-437.7945,467.88885,85.52424,8.377532,-273.4322,286.61777,-18.00496,-44.9345,-36.90932,60.873615,0.0
80.248695,15.906353,192.07411,208.77101,-22.984514,-9.240861,42.550987,49.236855,30.672495,-13.245115,-6.1853895,33.97801,2.8380728,-19.013763,-33.203793,38.367706,0.0
87.31235,19.933636,50.929527,103.027245,-68.93771,-29.203745,136.61772,155.78725,-26.79808,-21.348112,-7.0046053,34.970608,5.6300817,31.136494,-25.047876,40.35561,0.0
31.538033,31.566187,-30.947298,54.302917,-21.884197,-20.728687,-29.5897,42.239166,25.875769,-83.48582,-28.828194,92.03539,25.804352,25.913559,16.722689,40.212395,0.0
19.95956,-3.9630961,-23.357244,30.978415,-7.770075,27.199846,-46.074814,54.06575,-41.567577,3.9016054,21.763346,47.08227,28.628468,-61.349873,-60.17376,90.57753,0.0
-41.338863,15.723384,112.29805,120.69378,-61.200764,17.94196,-5.088573,63.97931,48.679897,6.9049854,229.78607,234.98738,18.054167,-10.037422,109.81482,111.74081,0.0
33.59283,-49.94619,-171.61803,181.86766,-16.781322,42.256653,-72.28725,85.39721,-37.49296,-68.28022,-129.91779,151.4812,-7.9485226,26.257643,-86.5884,90.83065,0.0
-23.73483,24.934616,-45.380363,56.960114,34.449657,-41.50446,-109.54305,122.10274,-8.002118,7.7288065,-29.78159,31.791687,-6.921657,6.5876303,-25.55975,27.287489,0.0
-63.419994,46.693474,241.15685,253.69077,29.378996,-0.28445086,94.56512,99.02408,35.316284,-42.319843,146.328,156.3653,6.0601873,-7.1726084,11.434759,14.796521,0.0
43.220474,-35.55296,-151.24586,161.26788,-38.8583,-5.443959,-183.86786,188.00797,5.4709783,33.18636,-22.336931,40.375793,-16.4592,25.005285,-22.53853,37.472054,0.0
66.16561,58.212418,146.99251,171.3866,-28.374746,45.58364,85.2541,100.75344,14.03898,-22.058205,-12.829067,29.124792,174.61595,55.52044,-18.306438,184.1423,0.0
-14.710915,-44.389313,-12.439554,48.389713,18.185196,39.16947,8.480771,44.009914,-19.387403,-12.64686,69.83532,73.57164,-11.964544,3.193023,6.5714436,14.0189,0.0
47.188602,-8.353414,22.087404,52.76739,-25.002495,30.76718,-24.713793,46.717403,-36.692528,-12.53958,24.241148,45.729816,-9.929124,-3.2513201,6.5663037,12.339972,0.0
2.6655753,-27.10797,0.2762819,27.24011,-89.59768,-24.84587,194.35628,215.45168,33.85461,14.006206,23.358582,43.450466,12.3429985,4.935913,-69.15273,70.41892,0.0
-34.487694,-35.220654,41.78791,64.62295,12.654543,16.027237,12.362798,23.8715,11.072956,7.3129654,9.711984,16.444221,4.8987684,8.231066,15.595193,18.301868,0.0
-27.049505,20.815968,-75.99736,83.3102,43.689526,-1.5660486,-13.989539,45.901474,22.479792,12.714983,18.331343,31.671139,0.39295354,-81.15859,-10.319885,81.8131,0.0
46.552303,110.62708,123.40663,172.14723,-8.420452,48.113518,0.9148303,48.853367,-4.397019,-33.383324,-38.009777,50.779156,-8.612817,19.786867,-12.894589,25.139038,0.0
-10.376033,-45.566444,15.344789,49.187653,9.168078,-44.890602,155.68282,162.2848,-0.15861449,46.900932,77.86453,90.89889,14.893881,41.080547,28.878956,52.377792,0.0
27.752298,-44.784874,-43.469326,68.30415,-12.780364,43.071926,-87.43674,98.30418,11.673748,27.742855,-55.358643,63.012165,-9.615778,-40.64194,-250.47604,253.93402,0.0
-7.10008,-136.48846,760.1009,772.2906,-6.2512317,-23.812473,30.743666,39.386353,28.51535,5.1527576,7.392144,29.905369,-49.07333,8.404501,-6.7586937,50.244587,0.0
35.202393,-17.645018,20.715778,44.4938,-11.325782,12.738874,11.492967,20.558224,-11.17701,0.38466114,2.6909368,11.5028105,-6.2513638,-4.9354873,12.598333,14.904918,0.0
-57.48002,-11.311001,158.85094,169.30893,19.033405,55.86191,-55.246044,80.839035,27.402197,-39.19032,81.772,94.72814,13.295526,-13.729383,23.48874,30.281809,0.0
9.927188,-44.395443,196.14084,201.34727,-29.790438,2.9727597,17.789404,34.824852,-20.350395,8.815847,39.112373,44.962723,66.06825,29.624243,398.1215,404.6521,0.0
-34.20616,6.7968307,-31.30274,46.8629,-11.485375,-40.498116,-41.364277,59.01717,-59.375008,22.11577,3.00005,63.43115,54.538788,22.291178,-9.479827,59.676243,0.0
38.013054,-111.48259,-460.68747,475.50638,53.34804,-58.764397,-212.28177,226.63365,-60.128273,-37.492382,-88.54501,113.4077,-21.117073,6.6174617,-121.42449,123.42458,0.0
51.214523,47.567482,-146.47958,162.30174,14.344543,-20.351171,-1.2154694,24.928165,-91.6349,-21.041044,49.109024,106.07256,13.852964,19.909403,-2.4941368,24.3828,0.0
55.04939,21.250996,83.14913,101.959885,31.674923,-48.326912,21.116913,61.52004,46.019787,-5.0901866,28.355944,54.293655,-43.071823,6.950096,18.83666,47.52175,0.0
-24.630732,29.033655,100.53248,107.500725,32.64211,-17.65881,83.73184,91.588005,-4.9735737,-10.457461,34.56625,36.45436,6.6195545,-2.3352535,10.491778,12.623364,0.0
75.71702,-10.479391,45.933197,89.178154,-22.778923,29.450268,-22.644587,43.57723,-27.562832,-15.773222,-2.9038186,31.889442,-10.081531,5.009688,2.767833,11.592892,0.0
95.97226,-68.982735,-19.762434,119.83258,-2.3522558,-77.7365,-29.910662,83.32554,-69.34913,-21.958082,85.26682,112.07988,1.0126879,-56.141792,14.412238,57.971115,0.0
-50.97786,-53.570087,340.67773,348.61127,-15.721031,3.7883537,54.29682,56.653748,26.458553,-1.9950666,-15.988797,30.978832,44.7474,54.048504,127.85882,145.84738,0.0
74.01033,-3.6764543,-94.43179,120.03508,-68.062386,36.608177,-227.30145,240.08043,14.364048,17.105057,-8.572589,23.925077,-17.590353,-27.049013,-14.5424,35.391556,0.0
-70.026375,-81.29619,14.430352,108.26356,-45.619938,14.206395,-11.238198,49.084595,5.074153,-10.706341,19.672308,22.964834,185.56923,147.21709,208.88007,315.81592,0.0
53.16586,-8.290485,-82.83323,98.77593,-34.213783,11.355463,-127.64215,132.63501,2.8263216,31.201727,-18.27113,36.268185,-34.159756,-22.0085,-159.10056,164.20798,0.0
29.266245,7.4141574,-8.120838,31.264069,24.5773,36.049927,-94.811615,104.36903,-26.391363,-17.511835,76.07771,82.40751,-16.52554,-31.046423,-21.875078,41.418644,0.0
51.6684,3.9761126,-253.45932,258.70264,-27.394062,-0.3648158,-28.51393,39.542534,21.465061,-12.040254,-3.9202282,24.921795,-48.756435,9.958945,-147.15207,155.3387,0.0
-23.88488,-56.639957,41.20424,74.00244,-51.492245,28.229395,19.314095,61.81735,50.604496,-9.47154,25.900734,57.63145,31.876793,13.549991,170.34023,173.82616,0.0
-48.496403,21.529768,92.391365,106.54387,46.191597,14.930587,61.67847,78.49088,-39.43561,-26.477776,-16.15379,50.17167,33.333755,-11.296336,39.23891,52.711,0.0
48.365158,33.327663,-18.958776,61.719986,-25.372349,-18.31407,6.7299213,32.007076,28.724455,8.848844,92.56145,97.319214,-46.629128,-21.738623,238.72234,244.20322,0.0
41.21637,-2.3268385,226.5088,230.23996,-27.213093,-13.889239,25.78187,39.977097,51.9426,31.240005,177.71872,187.77094,-8.910956,-36.761562,89.3878,97.06188,0.0
-19.655907,17.46197,78.77685,83.04865,-66.62495,-159.10896,70.96143,186.52101,0.9930709,-49.211666,-28.718138,56.986988,55.508377,135.74527,154.18448,212.79291,0.0
49.162304,-67.974045,64.023125,105.52897,-33.5094,-52.744427,10.158058,63.30909,-25.898228,-4.740135,23.076982,35.010647,11.439617,119.55783,113.459404,165.22102,0.0
-23.096533,22.956102,6.000996,33.112602,8.950557,-13.765217,46.651096,49.45623,10.447974,-7.44456,32.516735,34.955967,5.6936555,-4.092297,17.796877,19.128342,0.0
-5.3700824,-99.6403,-38.732628,107.03852,-20.765238,73.31155,-38.243305,85.25449,15.730742,17.57004,2.2545319,23.69062,-2.290692,-16.432957,4.813891,17.27608,0.0
-6.2362566,19.870565,-18.048595,27.558907,25.815926,-73.73975,-25.077436,82.05426,-49.57796,15.92348,-24.449684,57.52677,40.772583,33.582188,-19.172194,56.193867,0.0
27.649473,-50.5267,-4.61229,57.78161,30.210424,39.025127,49.74153,70.07033,-3.7628605,35.376938,14.989259,38.60524,-19.522795,-34.34587,15.436926,42.415527,0.0
62.6329,-82.02304,46.305527,113.11437,-14.7713175,7.3924465,52.736473,55.262787,20.640848,35.74919,-62.294277,74.73043,-38.8816,-31.648817,-24.713764,55.89461,0.0
-63.37638,41.701004,24.457598,79.71019,22.774372,-15.255166,10.823401,29.470972,26.171923,9.944621,27.723436,39.401337,-17.426119,-9.730073,94.012474,96.10776,0.0
40.39951,-13.891001,78.92863,89.74864,-45.66436,19.196554,90.3463,103.034966,1.9544317,37.86474,20.171097,42.94697,7.1407294,-43.240696,-16.752892,46.919273,0.0
16.212858,-46.338047,-31.163044,58.148148,5.9726987,43.449604,-44.047825,62.15908,-33.147865,-15.235683,21.124546,42.156296,25.073856,18.211727,135.10904,138.61752,0.0
42.117496,36.72955,-1.0393845,55.892967,36.71462,14.593483,-134.2165,139.9107,-17.8531,-31.182798,12.993266,38.20897,-23.059984,-38.806026,-95.76209,105.86807,0.0
-26.697803,-33.184525,-104.77193,113.09798,14.518726,42.368614,-67.23667,80.787834,-48.59991,11.08915,-82.9686,96.79215,23.420427,-43.59759,-117.35349,127.36216,0.0
67.9862,-12.800235,16.048256,71.017715,8.704877,33.14914,-19.717167,39.539944,14.709811,-8.313119,-31.167915,35.453304,-79.56826,-10.827073,18.945295,82.50618,0.0
-109.54963,20.486809,-39.318165,118.18099,-66.230835,30.221344,-127.68203,146.97807,18.70138,4.2405796,-39.445835,43.86011,-75.240715,159.65308,-518.54663,547.75995,0.0
55.106968,-52.68839,-117.71178,140.24588,-65.51572,17.256355,-9.819252,68.45808,10.576529,25.49509,-61.36719,67.28889,-16.516388,2.180872,6.5615616,17.905344,0.0
-35.659588,-8.657212,-61.217674,71.373436,-6.54918,-40.460514,-51.92618,66.153496,34.655052,63.404163,-150.9508,167.35358,14.609336,-1.7986852,14.080575,20.37012,0.0
20.675276,56.796467,15.092868,62.298477,32.795982,-18.056536,-41.01857,55.535015,40.94708,10.694751,20.394773,46.978706,-40.032562,-16.195753,50.480095,66.43162,0.0
39.7498,-23.820044,-40.810772,61.749172,-20.553354,-29.124893,24.763098,43.404045,10.892668,11.113376,29.913359,33.719097,-82.197014,-25.192917,-4.0590453,86.06694,0.0
-84.9787,-32.015057,-22.02666,93.44259,59.093563,52.508068,19.475243,81.415184,1.5864449,-70.80487,-25.195505,75.170876,32.745674,8.315571,-56.15735,65.53683,0.0
-32.467487,51.39434,44.76328,75.49357,-45.948826,-5.1589274,61.104904,76.62721,26.912529,-18.585798,34.367565,47.44319,35.298683,-6.517609,10.967756,37.533707,0.0
-2.9171984,-331.44357,18.005142,331.94507,60.296314,-173.68936,-13.069246,184.3216,-68.43463,140.67409,-60.872364,167.86287,-21.253376,-12.1622305,-7.210385,25.526762,0.0
-37.352074,9.9923525,-6.829629,39.264225,42.038708,3.8769462,19.342896,46.43751,27.396408,59.975376,-73.597145,98.81377,-27.100132,-91.35702,28.028416,99.32837,0.0
93.074036,87.5304,243.69978,275.16165,58.80072,62.28256,413.1454,421.931,-139.25333,-134.84856,81.625786,210.32925,-17.308466,15.756977,19.56674,30.50793,0.0
22.593052,17.79126,-84.31159,89.08104,26.05882,48.73072,5.390062,55.52305,-57.64775,-36.734833,-93.428,115.764915,14.60993,-27.56571,-20.98526,37.599342,0.0
85.66593,-57.75072,-50.75112,115.10636,47.775955,29.154032,1.617659,55.992107,-46.110172,-9.541757,32.802986,57.38676,-104.93629,-188.83109,81.56405,230.91449,0.0
-51.77143,19.437695,-0.54095,55.302784,35.04595,7.6467533,2.0980918,35.931793,18.454454,-3.0357263,34.458447,39.206867,6.820114,-8.104592,45.203243,46.427822,0.0
18.003075,-45.89905,5.438372,49.602516,23.21544,14.638307,63.264893,68.961464,-50.0373,21.589344,41.753235,68.65257,-0.18947557,10.754792,38.393757,39.87221,0.0
57.10143,34.18228,249.5209,258.24344,5.0935597,-47.471836,-75.13411,89.02052,-21.245638,-27.563835,185.2673,188.5076,-30.221325,30.766657,-111.49522,119.54538,0.0
-3.1598492,62.46406,183.44724,193.81596,-37.749447,4.2854347,20.94006,43.380547,13.685172,-88.10238,-28.459549,93.59097,28.034748,19.845875,-18.028637,38.79238,0.0
-104.69944,29.669527,107.32734,152.84439,82.2149,-45.648182,-37.7118,101.31745,-2.1359196,35.4174,2.5541685,35.57356,-3.6575477,25.520674,-17.010492,30.887527,0.0
-27.561953,-101.61817,-292.2714,310.65814,-11.3859005,18.138899,-40.677887,45.971172,31.725239,54.18398,13.194112,64.15988,-47.678196,15.981649,-4.5829105,50.493935,0.0
-26.095938,2.850138,-22.392336,34.504173,13.388622,15.051429,67.16441,70.120316,-8.503597,33.961983,18.432493,39.56634,15.13848,-33.964836,102.97432,109.482895,0.0
100.866005,46.06316,-78.45467,135.83409,-54.388866,-45.085014,40.44536,81.404144,5.354787,45.61652,-6.754864,46.423798,35.3133,-9.997368,17.813934,40.79599,0.0
-24.222944,-56.389847,-318.35852,324.22015,21.75766,29.999916,-190.86826,194.43272,47.006306,50.694164,-167.48317,181.19084,-19.454813,-23.368921,-87.86208,92.97501,0.0
-14.907269,38.32934,-11.389303,42.67413,-14.103732,-16.483484,-29.015089,36.228386,12.456461,0.35362673,-40.127914,42.018307,7.9402714,-6.353264,-40.62344,41.876915,0.0
56.25834,-20.94699,-34.948315,69.46339,-36.263386,-21.672262,-37.224895,56.306423,-33.64237,10.1114855,-94.989235,101.27693,70.54485,6.1144753,-230.22675,240.86995,0.0
-85.38414,32.041656,-285.17947,299.40683,6.166294,-25.104294,-123.82795,126.497475,38.373528,43.281544,-216.4409,224.03682,-11.810776,-32.79386,-163.34589,167.02342,0.0
33.67395,-48.68563,-40.87552,71.93778,17.464863,35.34886,27.289331,47.950836,-12.783825,-22.17648,3.2776687,25.806524,-16.378862,14.570595,14.915237,26.514994,0.0
34.17109,9.663244,-31.523792,47.484642,9.913725,14.520912,-0.9017529,17.605453,17.158087,-3.6209161,-15.312006,23.280216,17.002556,-3.6309602,-15.17235,23.075335,0.0
-70.10427,-19.367355,-215.71915,227.64984,28.130327,4.3044667,-148.50204,151.20416,34.10199,-26.289259,21.723959,48.22875,-31.531048,-76.204414,41.64064,92.38655,0.0
-59.09573,26.175793,1.657446,64.654655,12.781645,-33.595463,-13.36831,38.35019,155.58928,-3.005836,-121.46516,197.41037,-10.819726,13.602628,-4.6050367,17.980976,0.0
-60.885487,-13.255375,27.909763,68.27666,21.42965,14.57828,-16.485867,30.717094,11.930943,-5.024456,3.820813,13.498234,11.843183,6.0458403,2.1418364,13.46892,0.0
-14.070426,-73.965385,10.701015,76.048454,-48.470123,55.111526,74.17085,104.34534,26.650238,16.608276,-0.901906,31.414701,29.54616,1.9219759,67.34403,73.56554,0.0
13.103004,21.675837,-61.374557,66.395615,-19.108774,-32.828804,-38.0429,53.76011,2.6768463,13.33604,-32.41271,35.15125,7.3477516,0.4335186,-30.62394,31.496258,0.0
49.86417,-71.44837,179.5055,199.53326,-17.216608,9.232951,105.00215,106.80407,-42.88173,23.08128,136.51294,144.93924,34.39672,-16.173326,217.86029,221.15117,0.0
66.96905,-28.300007,27.52533,77.739235,18.115746,-39.835506,-42.007004,60.660004,-6.1498275,-38.397854,146.79866,151.86198,-3.5555964,24.345194,-0.33453485,24.605745,0.0
-46.56007,36.205727,31.395008,66.81573,8.417111,-24.227175,-21.760807,33.635345,-0.089129545,-38.50133,-63.3412,74.124756,26.760382,25.000586,-216.99567,220.06425,0.0
-21.93221,-48.12855,-202.78754,209.57138,3.260046,29.852718,-48.329094,56.899155,5.2590365,10.567665,-36.03683,37.920788,3.2188416,6.529105,-22.233183,23.39454,0.0
31.618729,13.166376,-19.94903,39.636616,29.164904,-8.072264,18.736906,35.59248,14.4032955,-2.7744312,15.354442,21.23467,-13.842094,-2.5157707,11.015328,17.868132,0.0
-43.612194,55.404896,-58.104027,91.36632,46.618046,7.232644,-22.654804,52.33348,-25.83221,-26.961227,7.0503845,37.99893,-31.767618,-13.7809305,16.461973,38.34178,0.0
276.2492,67.7948,-23.952732,285.45312,24.925644,-23.041178,-4.4060783,34.228603,-130.34418,-30.700907,38.407845,139.31018,-182.4445,51.499714,41.26761,194.01352,0.0
-14.775282,64.749855,205.35783,215.83022,45.52984,26.80621,187.55557,194.85542,25.69217,-4.1010976,34.01399,42.82357,7.284653,-3.1408334,42.388134,43.124065,0.0
-73.93891,17.712965,63.88466,99.30741,11.4564,53.354645,34.319416,64.465416,114.92257,-73.84067,136.91492,193.40463,13.035047,19.617285,5.29072,24.14028,0.0
-25.461168,-22.263214,-120.32007,124.98337,39.42122,-5.300243,-24.098757,46.50672,-18.224337,-24.700377,-19.139202,36.173958,20.222267,64.75028,-63.17138,92.69398,0.0
-53.671867,-37.072277,11.244794,66.192665,29.20854,-2.9767756,-17.589523,34.225594,47.312695,53.531548,-5.402055,71.64713,-31.580425,-9.204927,4.7984023,33.242893,0.0
49.521107,-47.845467,-21.331635,72.08722,5.61454,59.593147,-56.222862,82.12111,-27.925484,-24.467499,-39.786335,54.419144,-16.393618,22.777578,-34.305717,44.32213,0.0
54.76252,46.57705,128.26456,147.03796,8.759502,-12.872658,-10.410769,18.730442,-68.30533,11.823576,-20.16604,72.19485,2.6355314,-41.73545,-39.360252,57.42852,0.0
-49.773376,24.105967,-187.81712,195.79008,23.090708,-5.030894,-28.313593,36.880215,5.85094,-16.702656,-4.8559237,18.351898,13.1401205,-2.500471,-16.34488,21.120375,0.0
-8.398694,-41.092915,-30.768604,52.018005,-28.227821,30.5648,-137.23463,143.4028,38.747982,-36.82663,-181.40852,189.12079,-18.416748,36.03133,-186.92044,191.25034,0.0
33.55635,51.574383,174.64433,185.16637,-32.8918,23.38447,1.6267306,40.389977,14.556891,-27.611801,102.27649,106.93359,-21.471167,-8.362205,8.676333,24.621458,0.0
20.577473,41.097614,78.75505,91.18554,-13.034035,-31.255356,13.564391,36.4798,12.312845,39.778122,-3.3942473,41.77843,-14.280936,-36.659603,-46.33644,60.786087,0.0
23.040718,-15.596378,-26.599167,38.492188,-3.5329921,-35.04407,-7.637682,36.04046,82.78058,32.913124,-50.619812,102.46109,5.479396,-9.372901,1.7634364,10.999815,0.0
-9.152787,51.451508,16.228527,54.721077,-4.322241,-34.326378,-37.158714,50.771564,-4.5581217,-48.504463,31.887638,58.226215,23.384443,18.24224,-12.513592,32.190254,0.0
-14.994098,-43.477394,-29.436872,54.604362,2.940258,27.77438,-29.782824,40.829865,23.291595,10.610025,-127.36238,129.90862,-12.1000395,7.324989,-20.18813,24.650091,0.0
-6.994768,46.299744,54.310154,71.70904,26.186724,-19.131853,-20.610512,38.4261,1.2072275,34.46023,111.41663,116.630356,-35.16963,-56.097187,260.1233,268.41745,0.0
-24.129564,70.73059,196.7087,210.42665,38.559345,-8.999586,-8.338661,40.464302,-33.604263,-26.838833,52.081127,67.542755,27.462236,-9.912799,128.94623,132.21037,0.0
11.955355,-32.11107,53.414097,63.45957,7.4685097,20.942242,7.966514,23.618244,4.034892,11.307628,4.296694,12.751642,-8.926779,8.328495,-0.09289227,12.209005,0.0
113.435646,-34.755474,-70.23854,137.87328,14.3098135,18.530914,-68.192535,72.09984,100.025665,18.64738,-338.05515,353.0356,6.791842,-3.2517514,-33.53895,34.374054,0.0
-58.599274,-10.743075,-40.223454,71.88334,34.53176,-22.2599,55.31174,68.9009,17.79547,15.569976,-64.7428,68.92556,-5.243778,19.39125,-24.81409,31.925806,0.0
74.40316,47.63959,-49.701508,101.36864,-5.978295,-22.386595,4.754018,23.65376,-30.138916,-50.553577,33.69416,67.81834,-80.79957,26.282557,42.886673,95.17679,0.0
-18.92456,10.177058,-18.18172,28.147781,-6.7681727,-37.453274,-11.752778,39.83334,6.3001766,12.643915,-0.13221705,14.127613,13.849479,0.14023277,-0.20244625,13.852071,0.0
94.31778,98.31083,87.86527,162.1147,-47.654728,-57.631275,-70.23016,102.58959,378.04364,213.67435,422.83398,606.1042,-21.178787,-15.753841,-6.533647,27.192358,0.0
56.047497,14.754375,-47.737186,75.08563,-22.465324,49.368122,-25.563723,59.961708,27.027235,-44.32013,60.14826,79.451675,-52.024017,-16.393827,28.586983,61.583138,0.0
-34.04333,-1.6849165,28.306154,44.30605,28.559479,21.434145,32.80174,48.487328,6.3163385,-9.470911,2.272001,11.608458,-0.9841641,-7.4107823,-2.3814259,7.8459835,0.0
35.386284,32.132347,12.198229,49.33025,8.950251,-41.89095,-40.953228,59.26319,36.457203,-0.3572995,14.3136425,39.168045,4.3054585,12.791729,7.7478456,15.562596,0.0
-25.434626,39.409508,5.520125,47.228184,11.741012,-11.202225,-63.024055,65.07974,20.80495,-23.68619,34.172894,46.493862,-11.404502,-9.077095,21.910873,26.316418,0.0
-38.42979,-8.385243,66.34757,77.130806,29.429407,-16.632933,-17.444162,38.040024,7.1621532,12.996336,-26.504011,30.375565,0.0667055,21.287846,-38.565968,44.051353,0.0
3.3192604,-56.11463,14.970694,58.17208,18.46736,27.849789,54.26356,63.727455,-30.727728,-18.708838,83.23118,90.67334,12.220696,56.93515,59.859848,83.51149,0.0
-51.364655,110.02162,-25.438211,124.05719,-64.14554,29.408567,-71.57387,100.51036,-62.294064,-82.5739,-13.252621,104.281555,-4.192085,18.093334,6.7222276,19.752008,0.0
6.209919,-31.239607,36.32497,48.311394,-39.300713,51.06175,104.520004,122.785545,36.004242,-4.884104,40.187893,54.177834,-15.306392,-14.791682,1.9024714,21.370775,0.0
-104.67581,13.14445,293.77213,312.14078,50.536095,34.80385,-6.779061,61.734684,-8.738181,-145.86188,165.65729,220.89452,-40.928127,37.069996,-25.868666,60.979465,0.0
12.3680315,-59.3484,-200.33757,209.3092,-18.943623,-8.231755,-2.3411465,20.7871,-33.086727,-4.8306904,-11.458604,35.346542,0.7755541,98.15213,-18.732471,99.926765,0.0
-85.59848,26.747316,150.44359,175.14508,4.050118,-22.579433,-6.4568434,23.831413,-21.0067,90.25314,127.98181,158.00717,88.902405,-93.535255,192.89912,232.08308,0.0
39.84505,12.368059,-27.121752,49.761406,4.6316137,-35.746216,8.222916,36.971222,6.400994,49.65806,-24.944624,55.938725,-42.309998,-1.0044954,14.404806,44.70631,0.0
53.655407,40.29741,-109.807625,128.68759,-49.929638,-26.358768,-85.82268,102.72919,-34.78004,6.9049144,-50.443592,61.659428,35.448006,-17.596079,-82.72405,91.703064,0.0
29.827032,-60.10958,171.39336,184.06116,-4.4485183,-84.12296,215.57906,231.45366,-10.458034,25.177729,33.198097,42.95827,-29.572716,48.98753,224.95653,232.12016,0.0
36.824825,-26.457302,61.904564,76.73482,-42.879173,-4.7131567,135.99533,142.67294,13.964819,11.210264,36.065514,40.266705,13.875942,11.070379,35.768616,39.931053,0.0
-53.27554,-42.62514,112.30515,131.40637,55.515644,14.819959,15.618622,59.544598,8.612789,20.182056,55.68011,59.847984,-11.664148,-4.3464375,38.859966,40.80505,0.0
37.500957,54.808308,83.01505,106.30979,-45.897945,8.327914,37.614662,59.923603,56.992424,-28.836098,50.549397,81.454956,-21.016506,-0.67011404,97.18941,99.4381,0.0
14.372464,-40.743942,58.83363,72.99337,-49.158028,-1.8447512,1.0413101,49.203648,-21.205128,33.94132,111.044685,118.03646,84.781166,-7.701733,164.95413,185.62607,0.0
-68.72427,-1.5680128,80.46518,105.830666,-5.435776,-53.08409,138.35461,148.28847,-9.1532545,-29.993002,-15.849311,35.136505,107.79675,94.130936,57.206543,154.12129,0.0
-23.578583,65.718155,-54.168934,88.3691,-54.1033,-10.440935,-19.030972,58.295437,41.110344,-12.0187845,-95.33779,104.51707,30.392653,-38.149147,11.619655,50.140785,0.0
-0.06095971,-26.80346,12.895809,29.744427,-27.362898,-0.61356163,-7.2555456,28.315147,-55.02707,-25.74841,-2.9095,60.822983,26.995857,19.197664,-13.465916,35.758472,0.0
-72.24536,-69.40363,-14.310355,101.198044,-16.866135,-33.125244,-84.86339,92.647415,73.26457,53.026627,-27.064133,94.40339,18.081753,-4.992185,-70.17906,72.64285,0.0
-38.664692,-35.434258,225.40274,231.42372,3.2542896,49.419277,45.40351,67.18879,11.126863,-26.632973,-5.978089,29.47643,14.337675,13.527606,12.60513,23.397741,0.0
50.413395,81.580215,247.57549,265.50043,43.468605,28.887852,42.186855,67.11013,-39.73499,79.29093,132.51451,159.45541,92.19435,91.865005,117.45044,175.31,0.0
49.67517,35.017494,-71.132065,93.56083,-23.655594,-17.64132,-8.657626,30.753357,-23.748316,-33.4967,-126.82199,133.30356,-0.17324904,20.840893,6.626774,21.870028,0.0
61.377075,-6.191549,-83.94532,104.17436,-40.513702,-31.33612,49.73285,71.39096,20.592266,29.627605,8.427128,37.052032,-32.221283,20.013926,-46.898308,60.317654,0.0
-27.235825,201.68307,473.90787,515.7582,-33.9328,12.257702,72.96125,81.39429,8.434296,-146.12741,8.519553,146.6184,-12.50453,-25.222712,45.64422,53.627922,0.0
-12.478635,-44.827225,35.924408,58.785706,31.247015,30.728115,6.61973,44.32171,-52.565617,-19.169235,98.66681,113.42731,27.302101,19.326532,23.485271,40.871616,0.0
51.081875,5.6476946,-16.282927,53.911034,-61.83105,24.862036,83.276405,106.659134,-23.163713,-26.992292,29.132723,45.97682,23.26947,-14.768244,74.833206,79.74703,0.0
87.10048,0.83091354,-140.3993,165.22453,-64.109665,-46.51642,336.37347,345.5734,-36.275795,17.920387,50.30928,64.56081,-3.977108,39.098213,-49.444187,63.160233,0.0
-41.97741,-2.9881103,-126.43281,133.25276,41.978127,46.503494,71.142914,94.794846,22.810476,-47.468975,-53.846302,75.319695,-28.270262,2.3699796,115.5827,119.01343,0.0
65.44896,93.99179,-255.9762,280.43152,-29.177414,52.840347,-265.00763,271.79492,-30.603807,58.1393,-156.45833,169.69382,34.94561,4.0660214,-31.842575,47.451965,0.0
49.86904,15.788232,136.29956,145.99232,-38.013138,-18.372686,131.8841,138.47733,28.003357,21.89234,29.364353,46.105736,-50.502113,-5.3065515,-4.830436,51.009483,0.0
16.523712,74.34157,-28.835838,81.4323,-13.769323,-55.263687,-103.242714,117.909874,-44.516544,2.0753577,-8.065063,45.28892,40.158726,-6.095672,-2.5541596,40.699085,0.0
26.316267,27.317505,29.809042,48.242832,-23.724056,-17.001852,-28.063011,40.48983,21.848576,-8.016441,-59.870026,64.234375,-38.09821,-1.6408404,13.170077,40.343876,0.0
30.383673,-8.064951,45.54434,55.339943,31.685616,-5.2773867,69.605385,76.65996,-64.56438,17.799969,70.856964,97.49933,50.959564,28.462463,2.3696804,58.41759,0.0
-45.979015,18.348959,-30.090246,57.932526,30.228222,35.90038,-51.695423,69.8212,1.1686431,-40.75474,68.45625,79.67793,14.945798,-23.417912,23.820538,36.594994,0.0
-47.124187,-21.820274,29.858109,59.902683,40.481873,-1.1067266,24.352522,47.2553,36.400566,-10.484359,29.245161,47.856174,-44.07009,3.8754704,-17.22943,47.476906,0.0
6.800529,50.238365,-2.5184755,50.759068,8.328325,-47.90748,-16.00186,51.19128,8.003163,-6.8324637,25.042698,27.163965,-15.81008,7.509462,-71.5144,73.62521,0.0
-23.096746,-116.67902,-26.265188,121.808525,36.802032,-8.89887,8.902272,38.895115,26.680471,46.13392,36.6183,64.6614,-24.298391,74.57584,220.39108,233.93205,0.0
60.671276,-13.080788,-7.846752,62.55943,0.50008464,57.767086,-191.45045,199.97641,-25.066086,-11.561525,-16.467052,32.142517,6.817716,-3.180906,0.8522146,7.571373,0.0
56.797424,7.159432,-7.5423675,57.741596,2.5428908,18.092794,-86.956825,88.85552,-92.635605,-25.077501,-279.08734,295.12704,-27.37615,-30.74826,-24.89325,48.11023,0.0
64.265976,12.524931,35.761215,74.60465,-30.68065,33.451218,25.859676,52.23992,-44.736534,3.7285175,52.084984,68.761215,36.776512,13.624412,5.6097107,39.618248,0.0
49.1922,-27.305313,-42.597336,70.56909,-20.050396,30.288109,-11.180909,38.005417,32.59658,4.2231817,27.27556,42.71229,-45.72408,-17.28999,59.70728,77.16609,0.0
26.846476,60.09283,-18.386482,68.33699,14.081049,-34.19736,-33.204926,49.702137,-106.41453,-44.64868,23.701363,117.81054,17.94194,0.51778597,-1.979062,18.058493,0.0
-40.51822,3.833421,53.457603,67.1874,-10.986716,-37.059586,-146.15067,151.17589,-22.042656,27.21491,28.243843,44.991734,55.770695,29.539856,-232.35939,240.77763,0.0
-27.157059,78.070694,127.692566,152.11157,18.21195,11.014228,-1.9113975,21.369179,-37.22944,-76.92825,6.563492,85.7151,28.66538,-12.817897,-36.262684,47.968697,0.0
106.29632,172.88075,-47.23011,208.3683,-9.768251,19.773317,-24.966427,33.312542,-22.188423,-125.32556,-394.39255,414.42044,-84.08004,-73.136444,-514.6393,526.5663,0.0
47.269753,3.9838958,64.486885,80.05542,27.430986,20.845186,22.793245,41.310093,-28.29841,-32.990753,-24.453043,49.871357,-35.014736,-25.982977,42.9444,61.199505,0.0
6.0559096,-40.628292,-27.259039,49.298958,2.7471912,19.571726,-13.997462,24.21835,-5.2345324,19.345709,-11.432025,23.072912,-3.2822769,7.037647,0.4320387,7.778151,0.0
2.4621992,42.600285,-30.537727,52.472843,13.540878,-30.62268,-125.69795,130.08104,-55.27679,-27.256918,-103.67779,120.61326,15.048459,9.480633,-10.055279,20.431797,0.0
55.38804,33.563694,-85.12079,106.95748,38.57319,18.708282,-31.659773,53.293827,-37.785034,16.417393,8.54093,42.07359,-8.829489,-35.843033,-64.83675,74.60889,0.0
153.96928,-15.459041,-261.16476,303.5664,69.051025,-1.3329396,-31.827316,76.044716,-243.23424,-3.3296564,-126.28402,274.08328,7.038885,-3.5510883,0.5582715,7.9043636,0.0
31.44654,32.235043,75.081245,87.551056,-38.463688,-19.337255,25.186756,49.877537,-9.904021,-21.403004,-17.102142,29.131985,-8.682116,-4.472359,-6.0572267,11.492705,0.0
-104.777336,25.199945,53.74791,120.424934,11.742822,-21.884033,33.482563,41.68797,-8.59818,41.46303,9.109865,43.314114,150.83952,150.80249,91.894455,232.24675,0.0
37.10315,3.0478637,48.73613,61.32816,-15.231923,-3.0410433,-0.3284162,15.536,-12.384392,1.4288163,1.9921501,12.624711,-13.074395,-2.5790644,-0.29668695,13.329644,0.0
-26.116823,48.604134,-70.45969,89.49317,40.47558,-57.089485,-240.57579,250.5478,-28.734808,8.751125,-47.93446,56.5685,22.800598,-24.81859,-13.053558,36.141888,0.0
26.770523,23.219978,48.46655,60.040276,-31.500492,-4.3326616,-10.761593,33.56881,-5.406885,31.2648,38.37075,49.790035,22.652113,-58.257706,41.88489,75.2425,0.0
159.90796,-45.59163,3.5280137,166.31775,66.15925,38.559612,87.84005,116.532234,-18.647776,33.897343,11.591514,40.387417,9.007447,-62.353115,-12.875155,64.30261,0.0
44.00997,-5.762952,111.135605,119.67131,29.257244,2.874455,5.791425,29.963322,-58.517403,25.084723,-315.9845,322.3348,-4.67293,-28.93688,-3.042889,29.46947,0.0
-49.302357,-31.197596,278.14282,284.19614,11.95468,-38.41916,50.568157,64.62272,-24.995893,31.75866,125.22995,131.59013,51.706562,9.293907,55.778175,76.623505,0.0
-8.105472,-58.025944,10.182959,59.467648,-20.122972,55.15831,89.77129,107.26723,11.808509,-32.379868,101.67626,107.359024,29.746164,5.5406528,64.60934,71.34353,0.0
49.35689,-27.006363,-106.403984,120.36305,42.621666,25.603365,-4.8977814,49.96137,-91.38834,23.499357,-272.90762,288.7605,16.533455,-17.768085,-65.04935,69.42974,0.0
1.568974,-29.84033,1.6276133,29.925844,13.823091,-19.299078,16.748608,29.052505,22.832819,-29.4142,-5.429895,37.630142,-22.946419,51.262936,-25.60945,61.72748,0.0
-63.898567,-25.769348,17.61371,71.1149,13.44852,9.239901,51.320927,53.85235,31.109776,18.916739,31.539757,48.170826,-10.073545,-0.48341095,37.536274,38.867638,0.0
28.823582,-67.55363,90.80847,116.79241,-29.636421,25.734425,50.447037,63.917774,-3.4157581,17.134584,26.545172,31.779041,-1.771125,8.245409,12.903189,15.414797,0.0
45.97306,-17.235384,-140.64803,148.97134,1.2028732,-16.146685,43.150913,46.088768,-28.164,-36.215885,-42.589874,62.5996,-4.6191893,72.883125,14.983374,74.55065,0.0
36.93239,-55.38292,243.52904,252.46321,-13.440136,-35.100822,25.292147,45.3034,12.391523,22.273642,-35.346104,43.57778,5.2334657,67.88,-65.97092,94.80114,0.0
-11.479802,29.603981,-14.418823,34.872555,-14.428007,-11.7330885,15.55713,24.245993,51.292183,56.598843,251.94992,263.27377,-1.4386871,-44.015408,48.335667,65.3894,0.0
-34.977036,32.619247,57.7469,74.98075,15.942583,-36.499214,23.959595,46.480328,44.51759,38.621334,-17.488253,61.475796,-20.276691,-31.454273,-16.270641,40.807602,0.0
-22.968594,13.345921,-46.919388,53.917618,71.275215,53.972626,-181.83711,202.62762,-21.83356,-78.92734,9.096045,82.39525,-42.00986,18.107775,10.688422,46.97844,0.0
49.583332,19.424704,78.69784,95.02197,-27.107729,18.61172,1.9534816,32.93996,-40.73726,16.832422,-13.170286,46.0035,14.931254,-35.594234,34.10864,51.510212,0.0
34.252533,30.07903,-37.05167,58.743595,-24.736805,-30.35573,-13.975683,41.577633,9.74876,-9.682189,22.757812,26.584063,-27.76695,4.8592343,-74.943794,80.06996,0.0
0.47700322,-79.53753,-164.45563,182.68031,3.0851002,24.575245,-68.50884,72.84862,-13.318636,58.58772,7.9356494,60.604393,8.185402,-9.357361,-50.318974,51.832146,0.0
-19.010162,-42.128914,71.33007,84.99535,10.472066,17.207312,-14.063276,24.566877,16.129917,-22.821417,88.745346,93.041595,-9.9639,56.184868,212.3661,219.89859,0.0
-46.985374,41.170845,181.32494,191.78479,42.27743,38.019547,195.1822,203.29529,-43.06683,-43.348,291.13687,297.48026,49.34468,-48.39234,382.0354,388.23672,0.0
-29.347233,28.546993,123.456635,130.06822,12.175254,-35.088593,53.004333,64.72184,45.336914,-25.364206,118.05446,128.97925,-32.131336,25.02447,6.7697062,41.285427,0.0
13.45707,59.28691,-53.13817,80.74464,0.42327723,56.089916,-215.95865,223.12418,-5.411032,23.856205,-42.8045,49.30135,-2.7939932,12.026071,-21.55279,24.83859,0.0
-67.20133,-2.5387728,278.98038,286.97125,7.665494,26.218458,26.618889,38.140957,93.25843,-34.154526,189.7635,214.18185,-43.668526,13.653962,-30.879807,55.19913,0.0
39.218437,-19.694897,-127.662415,134.99506,-40.609806,18.047754,-67.15416,80.526764,-37.671806,22.136395,-122.295586,129.86684,23.617887,-3.3535283,13.021722,27.17749,0.0
54.09842,1.4612235,-12.86245,55.625687,-16.638147,-27.96324,-59.37309,67.70476,-16.308428,3.4082112,-34.333435,38.162506,-1.2444942,13.755486,-53.39658,55.154037,0.0
53.432796,33.773495,-9.35024,63.89954,21.487179,22.801092,37.208466,48.64226,102.62295,129.78787,-24.779478,167.30328,3.1791968,-45.250343,-1.9676608,45.40467,0.0
-90.79808,-18.321404,-112.028114,145.36252,8.449796,26.74895,-71.39404,76.70733,41.35744,-31.856298,-102.01096,114.5928,63.538017,-24.701517,-100.97993,121.836784,0.0
-13.994564,-38.26104,-12.015546,42.475033,17.841536,18.483593,-11.351849,28.086082,-15.159648,14.663783,-9.477792,23.122932,-7.1490455,6.892452,-4.4624205,10.8870535,0.0
-65.77531,23.750746,-83.623276,109.01074,20.55657,-15.876922,-120.492935,123.26069,-0.9627625,-46.838146,-103.92892,113.99987,29.601345,36.3103,-74.48521,87.99281,0.0
-3.823517,-72.294174,122.33243,142.14882,-16.419767,53.521603,-18.052595,58.822334,42.25786,-7.510477,27.70003,51.082535,-22.963392,14.543361,9.065365,28.653229,0.0
34.534737,-14.42008,99.01625,105.85279,34.790104,-26.89778,69.91347,82.593864,-24.065699,-18.381645,22.926115,37.982372,22.82082,-37.88469,265.51672,269.175,0.0
-41.651005,-31.35275,144.42543,153.54645,-8.912065,28.365402,9.919098,31.34341,21.127089,5.7368054,13.286066,25.608507,-11.162469,-24.08475,-40.258442,48.222702,0.0
-33.77174,-40.17455,8.2169895,53.12291,25.218872,-20.63443,92.10897,97.70278,-30.274372,-1.7450304,7.6731014,31.28051,26.677265,75.01846,-49.939102,93.986015,0.0
-44.241398,-55.92711,-113.818825,134.31258,-51.27265,41.620277,-117.3855,134.68663,-15.048133,-40.160347,-34.84799,55.26013,28.428526,-1.6966166,-139.35371,142.23402,0.0
47.364067,-25.99327,-62.493725,82.61035,-30.362265,-39.984344,-175.29541,182.34334,27.66897,1.3298959,6.2603264,28.399708,-12.865352,63.220726,-97.681564,117.064415,0.0
-36.49886,-160.4563,-241.29884,292.06766,17.739992,-19.859453,-4.5533047,27.01551,1.7882388,52.054977,-68.176956,85.796425,-28.106146,-26.305685,-13.637398,40.84035,0.0
66.72432,-1.5301967,-67.616,95.00742,-66.141525,40.333427,-122.53701,144.97177,-9.419758,-17.861435,9.052797,22.129776,0.081234075,-26.671173,-143.64217,146.09738,0.0
-52.130215,11.444111,36.182243,64.48009,31.525305,-26.289812,42.54398,59.118435,10.291906,40.38194,37.17254,55.84283,11.531343,-29.501062,164.60442,167.62427,0.0
22.939869,4.5185595,30.410425,38.35947,19.894539,4.0003476,26.511108,33.38614,24.058655,-13.733765,3.4097638,27.911875,23.648026,34.88091,159.75589,165.22064,0.0
27.784891,-79.41465,-236.79341,251.29623,-53.152588,-47.816288,-282.22205,291.13724,9.908129,-13.669399,-56.777546,59.234486,-2.9077678,116.179436,-427.00296,442.5355,0.0
18.57872,57.067673,-32.78063,68.38463,-33.32649,-13.901535,-31.733889,48.07231,47.018394,4.6902523,-80.19421,93.079796,-12.964028,-42.461037,-12.18842,46.038837,0.0
-34.582607,-24.57249,118.22539,125.6066,27.181515,-16.079199,4.161662,31.85445,66.10428,-4.6193724,32.06491,73.615776,5.611517,-4.455131,-38.234604,38.900303,0.0
74.207085,4.7776933,53.282917,91.47998,-3.4508455,-42.974583,82.533394,93.11543,-9.253677,-40.39904,122.46656,129.28954,-5.7195644,52.690575,202.09178,208.92609,0.0
-47.8846,21.366518,28.66942,59.761276,-17.8911,1.5420889,-34.36647,38.775444,56.620716,-7.5401764,19.537064,60.36943,-0.51849,-31.360207,22.921461,38.8476,0.0
-6.5162272,68.10941,32.514767,75.7533,56.266953,13.188358,45.799706,73.73952,-35.42862,26.450562,53.802254,69.63837,-19.69634,-11.402367,63.538597,67.491585,0.0
-15.23143,48.27133,140.84578,149.66518,63.290497,-71.35305,73.457436,120.38667,-76.55647,25.701866,54.735485,97.557495,18.358166,-16.098602,136.21912,138.3902,0.0
62.559097,37.434822,-4.0801053,73.01817,-1.5069103,25.1612,-40.412342,47.62892,13.3572855,3.2533643,-35.47866,38.049286,-27.292526,-20.179396,6.2481933,34.512913,0.0
62.325047,-58.958755,110.32045,139.75388,47.41764,12.084402,3.6666918,49.07046,-19.130688,-42.320293,-102.25476,112.307785,0.31089956,30.07823,-10.263095,31.78268,0.0
-33.06131,42.280296,36.461624,64.88547,35.969265,5.276533,-6.975362,37.01737,-15.362602,-31.514767,8.788142,36.144455,18.450972,0.90001,-73.13363,75.4306,0.0
-6.207934,-61.88188,132.25807,146.151,-60.78892,7.271669,-32.64203,69.380714,11.2619915,63.66981,-41.084988,76.60721,51.99894,-4.7286468,185.36519,192.5786,0.0
35.172386,-51.51004,-45.96461,77.47992,-20.779387,28.656914,-154.66547,158.66447,12.220488,18.126314,-100.52611,102.875725,-16.494284,-8.103742,-59.777874,62.539085,0.0
-25.532854,-4.9193497,-15.388256,30.214834,-12.490686,34.150597,68.44508,77.50498,23.38221,32.81792,-18.724098,44.433617,2.3180733,-47.298817,41.879272,63.21737,0.0
-7.7338924,-44.030888,-29.706833,53.67521,-8.225555,18.897417,1.8493186,20.692802,35.050537,-11.889575,13.640608,39.445904,-2.0699697,58.546646,-45.299595,74.054436,0.0
-18.678205,46.723595,69.42626,85.74366,19.879158,-31.913734,57.813725,68.96444,19.983492,-29.818602,22.169504,42.18989,-23.106804,13.279714,-45.379208,52.626595,0.0
-59.734566,-3.8177178,242.95763,250.2223,-35.90183,-35.21986,69.073425,85.44307,33.072124,22.39841,94.55645,102.64685,26.699024,-11.758381,51.00671,58.76038,0.0
12.564056,69.31887,-8.109098,70.91346,-23.354525,-12.903021,-30.042635,40.18061,19.750395,25.251024,33.87939,46.642433,-18.860325,-62.932495,58.035652,87.66048,0.0
-40.60081,48.849377,-46.829468,78.91569,26.592112,33.291668,-133.46445,140.1008,32.630558,-54.851536,-30.444082,70.71278,-26.08669,17.21092,4.092251,31.519659,0.0
8.139119,-41.99916,15.004617,45.335564,-10.439614,21.782923,-44.187717,50.35907,-10.965104,-9.609807,7.4444604,16.371103,14.219747,35.606842,-145.44424,150.41307,0.0
-54.61661,-35.513317,-18.851404,67.82003,21.614199,23.868319,-24.80031,40.644024,29.032084,-37.966713,9.605793,48.75054,1.5770317,72.66412,-341.73383,349.3774,0.0
10.691192,-59.04825,-117.24493,131.70941,32.126984,28.769608,-67.68235,80.25418,-66.3659,45.982033,-89.54871,120.57265,30.467722,0.63043976,-35.17782,46.542126,0.0
-209.32796,87.48559,136.67151,264.86038,-48.522163,-35.31372,41.149868,72.765175,24.654781,-40.325996,12.271246,48.832767,177.45563,-95.45658,-115.867516,232.4387,0.0
-38.079025,-25.871548,-33.528557,56.95195,-21.502754,62.640583,-126.519005,142.80504,9.253659,-28.189112,-42.570854,51.889736,43.706154,-8.315096,-143.14218,149.89684,0.0
50.28754,27.250269,50.546894,76.33087,2.7210298,-45.150555,14.907233,47.625645,28.060648,-13.265109,11.670947,33.159996,-49.543736,47.494324,63.69522,93.634315,0.0
-6.411876,-28.668116,71.79224,77.57002,14.725972,-3.2231302,5.4438367,16.027767,-29.566015,67.59314,30.521133,79.84067,22.36344,-28.021458,2.839493,35.963863,0.0
-18.271084,-23.341036,14.792457,33.12783,-6.610884,17.95874,-35.121304,39.996574,11.963813,1.5448791,-10.774013,16.174017,11.8857155,1.4920114,-10.688041,16.053988,0.0
-93.62529,-37.359184,-220.77379,242.69833,153.82707,-42.498554,-25.61262,161.63202,8.504655,5.9606295,-34.87484,36.38851,-37.20328,27.675825,-39.814987,61.116936,0.0
47.9147,-18.091867,88.10778,101.91229,-24.693577,21.170576,99.65104,104.82507,-10.567451,0.88058794,30.082916,31.89715,-7.2319303,0.54774016,20.568968,21.810163,0.0
52.92747,-27.150673,-117.7197,131.89543,2.9274788,49.47005,-124.63013,134.1213,-34.222267,37.243755,-37.513744,62.972637,-7.6578684,-51.722095,-52.318974,73.96691,0.0
42.742687,42.33246,-12.10208,61.363136,-31.869574,-13.102348,-29.955769,45.658398,-19.645844,-20.82956,31.449177,42.530937,13.847506,-19.01851,-39.616325,46.075054,0.0
51.845024,86.3844,-125.62759,161.0356,15.40485,-13.109032,-105.424255,107.34724,-17.156748,-7.9501677,-74.74408,77.09888,7.4791923,-0.09546502,-36.54125,37.29893,0.0
110.199356,155.24515,-266.78613,327.7496,-8.418076,40.95278,-86.60181,96.16583,-104.39626,-199.69096,61.186905,233.49284,-30.06575,-14.843283,-18.367416,38.231472,0.0
41.504364,54.310402,89.0856,112.28747,-17.376942,44.78037,-1.3725646,48.05334,61.196262,-7.175456,80.35149,101.25632,0.50514585,-36.353436,3.452477,36.520657,0.0
-22.442863,54.126877,-17.159054,61.055992,3.9896462,-34.273247,-28.159433,44.536797,14.821873,-48.41099,4.6843853,50.845516,-21.089888,34.95471,-0.405984,40.82635,0.0
36.28086,52.330303,50.38008,81.19683,-31.963099,38.76934,-7.3202124,50.776943,-40.000988,-47.754105,-45.003017,76.84931,43.48382,-3.4288633,169.75163,175.26616,0.0
-56.06856,-72.15378,-455.38757,464.46494,-54.005386,-23.394869,-101.01021,116.905785,-4.325793,-20.85851,-25.294508,33.069824,-17.885025,-25.537859,-93.88528,98.9268,0.0
45.829548,-6.3762107,122.79025,131.21909,-34.318104,2.8861012,27.923265,44.33701,-6.001507,8.26057,18.378126,21.024315,-8.320129,-0.58525074,17.414974,19.309572,0.0
-27.382824,-48.154037,-1.5258452,55.41623,15.378207,19.724686,49.440575,55.406883,-4.822378,-18.790504,27.895237,33.977844,9.091655,4.6168575,15.362803,18.439102,0.0
-9.578626,68.5495,110.928154,130.75107,-16.317163,-25.202085,70.345276,76.48433,17.190542,-29.149239,36.60149,49.8485,37.32277,43.00489,206.18365,213.90213,0.0
32.414165,53.07128,17.790524,64.68185,-48.769897,13.500465,4.326787,50.788647,24.255722,-88.06604,-166.53201,189.93916,3.7512205,22.606623,-34.715343,41.59684,0.0
11.164531,31.566996,-22.206253,40.17774,-2.3677053,-41.13189,159.56944,164.80247,-17.078796,-34.625095,34.282703,51.632328,-17.47328,51.67341,248.64957,254.56252,0.0
-22.664898,-3.3474934,-10.601041,25.244732,44.728954,54.295258,43.976265,82.961296,-29.208117,35.9794,-14.839992,48.66074,53.454353,-38.055954,62.748432,90.79097,0.0
28.883492,-43.721245,-33.400757,62.140366,-4.5243354,56.394184,57.318913,80.53722,-58.280422,-18.901686,68.5092,91.90976,33.419064,2.354762,-161.6214,165.05716,0.0
8.391117,32.272697,-92.348755,98.18474,46.536842,-23.607794,-59.027073,78.78586,-21.627983,29.883389,-10.57896,38.37593,-40.608143,-42.890892,-305.29416,310.95526,0.0
35.81567,27.794506,47.15684,65.41456,-34.377113,-18.002298,55.445423,67.67616,5.281493,20.295456,-14.018644,25.225645,2.4289348,-34.961815,84.56424,91.53879,0.0
41.56294,-19.069002,9.334334,46.67156,-32.703903,27.840858,24.977398,49.68429,-8.899706,-56.67476,98.97538,114.40004,-1.8346581,21.674025,-1.5359778,21.805956,0.0
-14.232303,36.518707,-14.394074,41.753742,91.40324,76.45354,24.33971,121.622894,-13.011737,-34.00647,15.078501,39.409615,-26.12049,18.89257,143.171,146.75542,0.0
-46.51888,22.25975,121.00925,131.53992,14.964376,25.050695,-162.2609,164.86383,27.235863,22.52504,29.340277,45.935093,11.671707,4.215299,-56.85205,58.190754,0.0
0.39941606,-38.39603,-80.5165,89.20389,16.577442,52.81489,-6.077874,55.688206,-39.089912,-31.97952,-15.610852,52.86228,2.0590756,46.437927,-242.79372,247.2034,0.0
-16.900389,86.43608,457.1949,465.60065,19.512718,-53.575752,170.62428,179.89928,56.693424,8.079879,36.558197,67.94064,-18.415646,-22.961668,87.03059,91.87327,0.0
35.217926,8.17063,-44.9776,57.706646,-60.822823,14.907966,-106.1336,123.23155,1.0455948,-47.488415,-263.99652,268.23572,16.440268,28.791235,-167.87885,171.12141,0.0
-22.981789,44.091965,0.49683547,49.72435,36.471733,-20.387327,-16.588112,44.95549,-1.74898,-53.981163,-31.633947,62.591873,-23.917315,21.730782,21.370342,38.74232,0.0
-38.771496,14.201948,-47.778065,63.14798,35.461407,21.684568,8.017872,42.332237,3.1045334,-64.34347,-114.71741,131.56677,-20.708496,27.396173,-67.36103,75.61026,0.0
77.30977,-7.58418,100.04997,126.66621,-51.324062,-9.767915,98.9731,111.91629,-62.42524,47.790928,25.948544,82.79022,36.82756,-33.16064,248.39159,253.28697,0.0
7.1788096,57.22172,117.324425,130.7321,18.449242,-35.433834,103.505104,110.947014,-12.473541,-19.940226,1.1613435,23.548897,4.003568,5.757083,-2.199918,7.3493,0.0
34.569355,3.1574717,20.079002,40.102215,-36.584023,-9.997346,-2.1698933,37.987595,-36.372395,64.914444,-0.88965344,74.41531,31.828865,-62.612827,57.869694,91.00745,0.0
-8.136825,-36.353077,-43.436222,57.222992,-33.648983,39.538235,154.9284,163.39629,-57.6597,7.148103,-50.58605,77.03697,-16.560997,-5.388059,-10.28561,20.226288,0.0
-41.410366,11.144887,30.8473,52.82607,83.887146,-16.138609,-17.158289,87.13166,30.56508,-29.219088,28.148636,50.79701,-17.450027,14.917638,9.095415,24.693665,0.0
-56.463276,14.068135,13.616736,59.761436,9.266821,49.655872,62.000393,79.97267,84.33926,-55.40614,88.306786,134.09344,-21.82039,-23.492325,43.739204,54.232353,0.0
-28.194454,0.8466426,11.940689,30.630444,-7.1060047,20.122171,-2.4543996,21.480717,-30.87969,-3.514902,-7.265718,31.917261,2.5372725,30.535,165.43237,168.24597,0.0
92.046295,20.914139,14.629351,95.51932,-67.60839,-30.94219,35.343426,82.3254,-18.34736,39.576923,65.93224,79.05707,3.4077623,-33.16435,28.529165,43.87938,0.0
31.764242,30.807709,35.594437,56.78949,27.532476,-20.363941,18.613033,38.97656,-4.3827124,-32.316315,-18.160013,37.32745,-27.850203,14.800065,-46.629417,56.293682,0.0
12.556092,41.93643,65.03917,78.39907,20.925432,-49.22199,113.69558,125.647766,-38.96676,-6.0768046,-29.091635,49.00684,15.634915,5.5620217,44.938324,47.9046,0.0
-8.268614,-31.579538,-3.4319909,32.824013,10.515487,-23.29321,-63.078156,68.05882,-30.822401,27.006525,95.01669,103.47732,50.886856,14.794559,104.63974,117.29381,0.0
-34.29254,-37.265038,-16.423796,53.23911,46.005745,-20.764788,-64.79284,82.13293,-10.216288,-6.6436334,-31.553284,33.824844,-8.724204,-5.7236676,-27.019028,28.963772,0.0
115.828735,369.02463,-740.75714,835.65344,14.53333,26.739431,-25.85852,39.936066,-140.79816,-401.89948,-30.772419,426.95932,-7.627699,-137.71826,-56.347477,148.99515,0.0
-17.363804,-49.342262,276.52582,281.42975,-20.25056,19.608192,29.365517,40.705036,18.374249,3.0197442,-7.2910995,19.9973,9.169796,7.582642,-28.889124,31.243608,0.0
-7.560652,-29.246717,-3.662528,30.429579,-20.33235,-67.577835,159.6761,174.57559,5.421476,-18.302322,60.133774,63.0908,20.808298,116.98339,334.40698,354.88892,0.0
43.2461,-74.50665,40.307262,95.11121,-0.50785303,-45.83491,0.8573619,45.845745,20.71409,38.31243,21.935951,48.76579,-0.53770465,22.400864,40.135323,45.96664,0.0
-20.244995,34.555145,31.327755,50.846405,-10.519771,-44.56426,-100.32624,110.28148,11.948877,31.650482,-23.477554,41.179306,30.352007,-14.50536,-26.965641,43.113884,0.0
49.949886,-49.568573,92.99155,116.61678,83.53518,-0.59667957,45.64988,95.196655,-15.164493,-23.992779,-11.077481,30.468624,-12.899298,-3.7875798,62.06511,63.50454,0.0
-39.38483,162.30954,-630.45325,652.20154,13.926023,-120.41701,-272.12512,297.9031,-51.665276,-2.125426,-286.79297,291.41727,19.490751,-31.203184,-86.675674,94.1605,0.0
-36.330814,-51.65956,-45.11755,77.61593,63.821964,6.357178,1.5249221,64.15592,-24.06511,32.09973,8.099985,40.928375,33.69933,18.856678,-34.896873,52.048157,0.0
-29.252958,-8.020699,-5.0995507,30.758474,41.638794,19.146982,-62.451378,77.463425,-47.184505,6.8139687,-24.437298,53.572384,-4.9231825,-14.548913,83.58997,84.989426,0.0
55.427647,-43.113766,-177.93352,191.28867,10.928605,25.503595,-14.181897,31.160776,-24.4238,-27.251722,-69.47109,78.52021,-55.011154,53.12286,-55.711815,94.61545,0.0
-261.99103,-16.333504,-361.37146,446.64908,241.30295,-27.856623,368.92105,441.7079,59.036823,42.23311,126.243965,145.62462,-55.353397,-6.086772,-23.511871,60.44722,0.0
24.9686,-15.697403,-76.14795,81.659966,7.2084723,13.288386,-42.238083,44.862003,-21.819067,9.200398,-15.2683525,28.175392,-12.073976,-6.2165475,-15.970583,20.964186,0.0
49.1443,-2.9582593,-25.719408,55.54639,-29.016867,26.795525,-89.95226,98.24148,-13.877263,0.2530088,-54.274498,56.0211,2.6128933,-9.444866,29.19411,30.794949,0.0
-79.78039,97.70932,21.614464,127.98127,32.63701,-29.014479,113.739685,121.83484,11.823869,-5.1870413,51.974655,53.554504,8.071976,-11.559194,57.87204,59.56472,0.0
-57.53256,-102.63632,-91.01691,148.7558,-4.2520566,-24.28435,-0.54215336,24.659756,32.3471,64.43129,-81.36496,108.71059,42.744385,-17.650166,-8.348907,46.992832,0.0
-14.56349,26.015535,15.446959,33.578445,13.718141,-21.419687,5.862825,26.102934,6.8877983,-10.778749,2.936177,13.124188,-7.169128,3.329996,7.9182587,11.18857,0.0
-51.648518,-36.373478,-6.073746,63.4625,43.740437,18.154251,24.248144,53.205032,-31.034748,16.18824,-31.112293,46.8315,21.837929,-26.64976,43.431633,55.43836,0.0
4.4711523,-28.538984,-152.92435,155.62878,1.6279536,18.901056,-28.751568,34.446377,1.1162028,13.292633,-20.195242,24.203054,11.534089,3.666464,-3.2044923,12.519862,0.0
-67.01268,-5.559889,83.26214,107.02432,-17.283434,-9.574013,-6.8545794,20.913519,13.120119,39.749634,68.51797,80.29255,62.470745,2.2317946,-205.86906,215.15031,0.0
53.345154,-14.323309,154.99486,164.54262,-24.543993,19.985239,30.549494,43.989643,-39.127014,-14.063499,15.812193,44.48305,10.390456,0.06307996,11.606057,15.578102,0.0
30.976372,60.96027,55.943096,88.347725,5.5834794,-29.457882,67.2806,73.65881,-26.875648,43.81364,-24.813108,57.075714,1.190956,-38.596355,7.189783,39.278503,0.0
44.59324,8.443784,-98.58633,108.5317,17.780022,-3.4816756,-8.684728,20.09196,-19.372902,-21.312181,4.830407,29.203808,-14.17243,-27.281889,116.41562,120.40668,0.0
-38.185356,68.05321,-364.51785,372.77692,32.638653,-5.2855654,-155.49094,158.96747,-16.348099,21.719135,-82.0993,86.482864,16.326262,-83.20538,-136.88617,161.02023,0.0
-13.378572,-34.61225,60.95788,71.36426,1.3060237,27.11519,38.545006,47.14506,11.724004,-4.1441913,29.48533,32.00035,-6.563428,-4.7004905,34.20668,35.146572,0.0
-11.265435,69.93772,-31.446508,77.50534,18.724161,-18.3625,14.112824,29.78166,3.640573,-41.36417,-51.579735,66.217285,73.76372,25.74502,-77.371056,109.955376,0.0
-20.084297,-7.7983346,32.22821,38.766758,11.826287,-21.832321,27.586605,37.11527,55.663486,11.200671,305.18958,310.42642,-44.095886,29.765903,275.37286,280.46512,0.0
-65.84331,20.433762,-165.30484,179.10492,60.920944,-0.91716987,-12.435799,62.184013,0.8711794,56.05995,-50.17867,75.24211,-31.30394,-9.299372,-24.844242,41.03232,0.0
15.385601,64.224945,21.244549,69.375084,1.7314448,-21.503769,58.24496,62.11197,21.651325,-39.73311,21.637547,50.156696,-39.743393,-1.6974852,-33.393005,51.937683,0.0
-65.45063,-57.220726,-281.61057,294.72446,24.23201,-30.880749,-151.98062,156.9679,47.20056,48.35048,-75.16458,101.0712,2.1146214,19.062057,-97.92374,99.78429,0.0
24.733767,46.951065,46.85781,70.79418,-21.98036,-7.5940747,-24.301521,33.63585,-29.58368,24.617247,17.403906,42.23873,-3.107353,-44.086914,-33.704697,55.581738,0.0
-24.01521,21.974665,39.637035,51.290565,224.82722,-115.69307,-489.28152,550.75275,3.1511526,13.345817,-55.271935,56.94768,29.134655,-22.022774,215.78346,218.85233,0.0
30.496944,22.844826,35.056087,51.777203,-29.872784,-10.542424,27.499693,41.949482,-6.696991,-12.028505,30.57143,33.5283,-3.611139,-6.410001,16.346178,17.925568,0.0
-28.68894,46.32184,-7.2317204,54.964226,-45.530327,-13.521783,28.647873,55.466656,45.061626,-7.6780024,1.9247504,45.751575,31.730516,-21.055737,-16.878864,41.65412,0.0
-59.246147,20.1498,9.189405,63.25011,-12.065338,21.765238,11.355466,27.354265,70.19806,-48.170437,83.89079,119.52337,-40.921337,17.37168,-14.569905,46.78274,0.0
27.412115,-69.03949,-197.21489,210.74055,10.021511,25.910954,-109.854614,113.31304,-22.83071,54.316593,-139.38612,151.32759,11.246972,-29.516436,-123.44158,127.4188,0.0
20.984482,32.22463,54.60136,66.78385,-3.0361657,-27.99271,46.017742,53.94852,20.522007,6.709781,25.39297,33.331318,-13.953924,8.178477,9.987089,19.008982,0.0
-4.200096,-61.860382,22.074955,65.815285,-21.206669,-42.0869,-17.347853,50.2193,-15.167451,25.022419,-85.20001,90.08449,-14.522116,22.920261,-26.996174,38.275627,0.0
-25.22661,26.74781,-42.792255,56.418217,9.7913265,-27.863977,42.620255,51.853336,65.2158,-0.82392037,-55.018253,85.3276,-49.202618,-1.1325481,-21.867186,53.85504,0.0
69.71017,-3.286316,-103.14527,124.53616,-7.1340194,-20.663359,-94.88084,97.36653,17.87464,-8.118056,-41.1882,45.627674,7.0025434,-2.409951,-8.004783,10.905558,0.0
3.5794568,37.777485,-47.49236,60.79042,-24.03079,-16.050173,29.681108,41.425297,-5.288576,16.997871,-11.627953,21.263046,12.716617,-54.292934,-329.52063,334.20547,0.0
43.270607,-30.499472,6.232818,53.304886,-0.4068363,52.40556,-0.31389508,52.40808,-11.307034,-31.558666,-7.352263,34.319878,-19.622856,20.26521,81.015305,85.785866,0.0
-22.405264,-24.376368,12.782139,35.49065,-29.19341,5.2136908,-101.35051,105.60001,-5.46833,35.738415,-36.453194,51.34183,51.137787,-16.136042,-213.86249,220.4827,0.0
24.477074,-24.811674,60.17383,69.53874,-2.234434,18.592966,1.5129603,18.787766,-12.779166,10.175681,22.323483,27.662058,-9.601518,7.66622,16.814835,20.825436,0.0
-31.929407,-32.420784,-30.029333,54.519314,22.908285,3.005514,30.450191,38.22351,32.178684,-7.053769,57.577545,66.33558,-31.024794,-3.0144749,-12.8872,33.730045,0.0
-60.321537,11.03581,-268.3303,275.2483,60.642914,-0.63287634,29.52928,67.45326,-32.179974,14.699986,32.538723,48.06671,17.375265,-7.976445,-12.578572,22.885454,0.0
17.146404,-28.445152,31.480999,45.7622,-11.009707,-22.872515,-25.276663,35.82283,5.870827,8.358583,9.333998,13.836765,5.466463,5.5809617,3.0781074,8.396671,0.0
23.895578,45.446068,-35.45576,62.397552,-11.181404,-27.645815,14.280847,33.064445,-4.3216143,-11.083535,-38.02635,39.843884,-19.643684,-13.198194,-85.569664,88.78201,0.0
-20.378872,54.67248,-170.87508,180.5621,50.87241,21.37008,27.161367,61.501396,13.857073,-33.04464,-79.78451,87.46162,4.3109164,-27.777655,-38.4497,47.629417,0.0
-37.003914,-11.494658,-96.31419,103.81644,70.889366,8.441693,-157.84172,173.23563,-35.77701,-45.68819,-150.93259,161.70363,-1.8074976,33.164215,-51.962242,61.67024,0.0
-96.64562,19.347569,11.771452,99.26365,-19.07623,-21.147724,52.294094,59.54663,-54.95292,-49.72893,40.270817,84.34773,87.42094,24.634184,98.77737,134.18735,0.0
66.26848,5.036965,-373.9713,379.83078,-12.219439,50.246025,-193.54443,200.3333,11.725913,-44.532066,-12.18901,47.63585,-36.4879,-27.37274,-120.39469,128.74594,0.0
-17.378592,20.780165,52.44673,59.029667,14.165842,-18.587408,21.687468,31.882914,4.9707046,-9.958656,4.343092,11.94807,10.870563,-9.40573,-0.94981885,14.406603,0.0
20.76179,-52.24958,-28.888052,63.210674,-27.698282,19.550377,-46.349865,57.425797,18.834507,-22.951591,-3.2249398,29.864939,0.09987916,43.677303,-88.7489,98.91453,0.0
-32.88082,16.361483,74.55129,83.10687,60.59942,-7.936593,120.3583,134.98671,-1.3773135,29.332449,-45.398514,54.06779,-7.2639966,-53.73536,-226.066,232.47816,0.0
-9.6208935,-44.843018,13.833501,47.904316,-33.336334,10.344136,14.101847,37.64538,17.723772,23.162498,-43.29899,52.205708,-18.18238,17.229822,-79.19729,83.06429,0.0
-27.029156,23.142536,-37.310234,51.557793,4.8043265,-14.466452,-5.830149,16.320246,17.173256,-10.010262,-30.20577,36.159725,11.1843,3.1394897,-18.106297,21.51265,0.0
-132.63615,-77.36541,303.69037,340.3022,12.850162,-23.04889,70.28905,75.079475,81.55062,13.444354,-44.695957,93.96273,39.83445,115.89149,-189.01486,225.26483,0.0
-50.923714,-82.839775,66.68948,117.91162,43.88052,45.742775,-116.61036,132.72485,-0.16532527,-106.18751,-9.225322,106.58768,-24.77435,-13.554005,-149.9564,152.5923,0.0
-82.134056,-3.6646225,305.5288,316.39737,-59.365128,75.05022,199.76013,221.49687,122.93199,-20.099142,-153.69733,197.83612,18.87347,-43.279415,-19.257612,50.99198,0.0
48.019333,7.1967397,110.141685,120.36965,-41.235367,50.34302,-22.24339,68.77176,7.7171745,-28.753988,-18.192644,34.89026,-30.437244,-35.84596,165.9874,172.5201,0.0
0.5721836,50.96567,-200.90211,207.26671,-87.846375,43.80556,-201.443,224.08746,105.33291,-62.254936,-170.34851,209.73633,-15.95553,-12.238783,-62.55069,65.70363,0.0
25.372866,33.29257,65.86306,78.03929,9.126087,-51.055645,153.42549,161.9548,4.7465215,23.438673,106.70557,109.35259,-55.20705,-59.540268,448.65604,455.9442,0.0
44.512745,8.840351,16.153624,48.171318,-39.294907,-26.961193,87.66323,99.778946,-9.256508,17.765469,71.34016,74.09935,-4.0896344,6.3879266,15.039491,16.8439,0.0
-8.085896,99.646324,-14.836003,101.06868,-60.29376,8.823584,-231.71033,239.58894,29.17433,-20.15022,-171.19531,174.8285,-35.132244,6.9427257,32.353317,48.26192,0.0
99.269615,-113.880165,206.94455,256.22098,-55.277584,19.218824,162.70018,172.90552,-23.831312,97.94656,134.23114,167.86742,47.06068,17.322382,43.91021,66.655014,0.0
-38.520737,-6.298201,57.034016,69.11146,20.051992,3.8970313,33.854507,39.539814,14.551224,2.8638306,24.589088,28.715204,10.077923,-0.25995395,4.7353806,11.138041,0.0
42.883083,-60.499004,30.068022,80.01984,7.0805407,28.58501,18.453606,34.75302,-2.375456,-25.216305,53.67042,59.346695,-47.688087,49.29255,10.18153,69.33675,0.0
-34.603573,-36.97153,23.99414,56.03588,27.400604,23.078321,37.268295,51.694565,-0.54419976,48.27789,94.66096,106.26269,5.1622005,-37.107777,141.64664,146.51762,0.0
-24.382929,78.044235,-39.26621,90.70428,-46.113323,-16.894266,-24.924685,55.07354,32.54836,-20.845419,-63.97902,74.747856,25.949615,-9.299448,-7.825831,28.654945,0.0
-45.7501,-178.23717,-64.200584,194.89302,-15.252538,8.292143,2.2113626,17.501453,61.124847,56.115047,-352.58945,362.22156,-11.276273,124.395874,-677.6387,689.0542,0.0
48.4425,-19.554195,122.28109,132.97258,47.82131,-5.69357,22.002504,52.947186,-29.971468,-4.945221,67.82961,74.32093,1.4566782,-7.683072,6.1818666,9.968299,0.0
4.591083,59.824875,-31.367918,67.70562,48.486076,-55.13095,66.04453,98.75329,36.892174,-21.096998,5.3780437,42.837486,-12.847331,26.413027,23.6241,37.69365,0.0
24.65921,48.833687,-101.036804,114.89665,-36.082405,29.576134,3.1743834,46.762856,7.5075626,-41.48437,-52.76239,67.53656,-6.2984214,-39.111935,12.555986,41.557987,0.0
69.40026,14.066244,-15.475763,72.48279,-20.516016,27.278526,21.109674,40.13282,-34.406128,-42.495907,29.64199,62.196,-10.8718,-20.605925,-5.7445602,23.996069,0.0
28.517838,-6.0241156,16.099693,33.298004,-22.798439,9.215388,-16.423538,29.570675,-14.122617,5.568075,-10.348311,18.372244,-11.715457,-2.529872,-0.2250517,11.987612,0.0
-70.16969,34.87179,37.585228,86.90498,58.599277,-42.92536,26.969048,77.48414,23.207798,46.671223,34.487614,62.4996,-10.893941,-41.50011,7.8502994,43.618397,0.0
-0.4133287,20.711815,-7.9570765,22.191809,20.159075,27.805975,19.122688,39.309654,-85.551865,-30.681341,88.74335,127.02701,58.775948,-7.41797,238.51115,245.75847,0.0
-38.925545,-29.29048,-130.61084,139.3999,-24.94257,32.90943,-16.716156,44.54889,26.836153,26.763536,-44.64793,58.565475,0.6833388,-67.925446,-64.62089,93.75608,0.0
-10.257646,-46.08084,-85.17778,97.38547,-13.273216,9.087269,3.62473,16.48959,21.864483,40.939075,-64.272484,79.27816,-10.725952,13.6970215,4.215142,17.900644,0.0
-135.6959,149.43655,21.979778,203.04623,-38.24688,-9.014406,7.2545,39.95887,64.15307,-44.7386,-87.06264,117.03449,43.28141,41.24023,-51.96975,79.21429,0.0
10.436301,24.671583,-22.223953,34.806717,-20.955856,-10.220766,-32.16182,39.72398,-41.858818,-17.990635,-35.411026,57.70421,32.479916,15.135296,-0.95317745,35.846085,0.0
-36.968113,0.59962267,83.25963,91.09976,-17.528288,-11.384257,-20.250248,29.101797,-6.35343,9.56539,6.7749906,13.333207,-52.54233,-65.28882,-160.97314,181.48193,0.0
-136.64058,-35.86599,-712.3113,726.18475,-13.487119,42.242386,5.613845,44.697292,-0.6963869,30.181532,-106.02249,110.23697,-114.19321,-50.79397,-636.1446,648.3056,0.0
60.307953,36.879993,97.33067,120.293205,91.63802,-49.968388,64.992615,122.95698,-89.561806,11.780099,61.4101,109.230484,-62.59039,-25.043812,69.17436,96.59116,0.0
35.11616,-16.889929,-20.579765,44.06759,-28.191391,-10.7587185,10.30435,31.88566,26.753433,79.68268,-31.232738,89.66923,-34.957504,-47.46672,-93.833,110.81408,0.0
171.40039,17.426542,728.80164,748.88824,-107.1075,15.185946,544.754,555.39136,23.175459,42.869785,141.40993,149.57167,-2.6317482,-28.85313,71.97977,77.59198,0.0
16.808832,12.530078,-42.25545,47.170692,-14.885956,-26.032408,37.00848,47.63315,-13.417613,-7.1812787,-5.3923492,16.14595,-2.849829,8.285355,1.9406276,8.974732,0.0
22.871058,21.995695,18.20619,36.58362,-20.134182,-26.380877,-4.9913435,33.559643,1.9288346,-11.541899,8.723257,14.595584,1.501464,-8.080052,-0.22153424,8.221357,0.0
-50.724945,10.653987,190.29654,197.22906,25.694765,-21.64514,42.339153,54.049393,22.466188,20.892675,140.93398,144.23459,-26.000563,10.865547,4.8580966,28.595287,0.0
-10.774792,40.189785,-28.050758,50.18127,28.45611,-17.486584,40.391155,52.411602,23.483234,-18.64508,90.08474,94.94399,-22.956127,-2.0267758,-13.670267,26.794922,0.0
72.493744,-42.684147,-184.75235,203.00423,-73.07949,14.756287,-222.20047,234.37453,19.151642,24.207127,-40.465202,50.894146,-27.423187,-1.5328697,-42.82253,50.873974,0.0
69.83597,-40.85048,165.96527,184.63557,-22.764069,-7.3256717,13.006648,27.22207,-72.1183,41.727104,171.21962,190.41629,26.516676,5.3017144,50.78551,57.536263,0.0
44.704575,33.483147,-60.662174,82.4592,-25.498968,20.768583,13.624419,35.597137,6.95447,32.175022,-50.07006,59.921776,20.23342,-56.99897,-220.55437,228.69743,0.0
60.75212,6.6974473,112.6881,128.19632,-25.39265,-14.679973,-3.0273845,29.486687,-35.7208,-6.559996,54.044666,65.1141,-5.304469,15.985191,97.86859,99.30728,0.0
-18.029556,-49.470142,-50.79757,73.16251,-9.201857,31.986097,-50.471157,60.457607,17.009058,-3.1959124,-13.727682,22.090322,9.30583,21.825094,-40.244663,46.718063,0.0
-44.288395,-28.47287,-138.23636,147.92383,34.80539,20.183552,-157.57526,162.63072,38.79438,7.678465,-68.3921,79.00279,-31.34165,-7.900879,-87.5184,93.29627,0.0
36.011486,-41.70433,21.616817,59.18923,52.059643,6.002852,144.18849,153.4163,14.001245,15.020516,72.670265,75.51576,18.903479,-35.92833,-30.547808,50.807148,0.0
-11.822985,-91.40772,124.49696,154.90205,-11.304747,13.172847,-3.9936044,17.812077,6.3716297,-18.407747,11.731276,22.739323,9.990824,97.91612,-15.665785,99.66349,0.0
33.99092,-14.950395,58.771126,69.51937,-20.235193,4.8928475,19.19354,28.315983,-24.331486,17.249548,75.406044,81.09039,-8.912249,4.135822,34.500084,35.871998,0.0
-80.39391,-22.81538,67.99961,107.7389,47.535263,-15.538591,-19.715376,53.75635,4.6938753,31.698881,16.971588,36.26136,25.583975,0.8785089,63.168888,68.15878,0.0
64.49158,7.259626,-24.464634,69.35693,-16.376526,53.009407,-5.673769,55.770775,-6.8452225,-32.263763,71.92564,79.12721,-44.077396,-31.297638,-16.685078,56.575275,0.0
33.182312,6.9002843,16.754677,37.80739,7.02165,-16.115442,42.49477,45.987133,11.81177,-6.441228,13.566946,19.106787,-10.296424,2.1443017,7.9227223,13.167532,0.0
-42.511772,28.183369,-67.97797,84.98563,28.00324,-21.038599,-9.55304,36.305164,24.953608,-41.348423,33.719288,58.901413,-17.36985,15.362241,102.794815,105.37787,0.0
20.207191,-21.42999,-0.9978419,29.471525,-17.199326,17.634775,-120.33735,122.832726,-15.117985,31.826485,-23.295311,42.23933,5.727437,-13.548803,59.57795,61.36707,0.0
-48.910572,-0.9917408,37.85698,61.85773,-15.280961,-4.428652,-44.611248,47.363323,21.54157,-49.234177,-68.16165,86.79899,36.695305,38.259396,-23.546389,58.00664,0.0
23.097927,88.97078,-207.13593,226.61557,60.074677,139.91776,-135.8287,204.04752,-45.852493,-25.343142,-66.77225,84.87208,45.576767,-33.302963,-70.434975,90.26309,0.0
-51.37631,12.710103,-19.34573,56.35016,52.33249,-2.9948328,-163.36125,171.56506,-19.556543,-29.140682,-34.10207,48.93465,21.279812,7.63925,-81.49778,84.575935,0.0
-55.280075,-18.43091,149.35039,160.3157,11.723215,21.769495,6.3252463,25.521626,58.363102,38.80561,66.45802,96.58575,-16.46129,-40.76047,4.6433563,44.20364,0.0
2.5276186,73.9142,-89.91138,116.42059,-10.273239,-26.436615,-95.35868,99.48724,42.48553,-1.225359,52.959312,67.90598,-30.603613,-34.986057,10.017442,47.549614,0.0
-157.8818,98.55223,-275.81888,332.73904,25.162807,5.0679183,-42.530743,49.676212,13.019666,6.5740767,-39.727005,42.319927,10.603832,8.362192,-5.3928585,14.541719,0.0
-14.460852,40.794266,-7.849975,43.987617,-16.787476,-10.359443,78.546906,80.98613,2.1002254,21.719858,-11.721219,24.77017,27.558664,-50.78424,60.236965,83.46869,0.0
33.539894,-31.449427,18.07454,49.403236,-19.96433,34.939953,0.5530107,40.24526,-11.245147,-32.564117,60.283333,69.4331,-7.199734,9.37365,3.5027685,12.327646,0.0
-27.388279,-41.68285,-37.34929,62.31009,26.32395,15.379177,17.413166,35.109653,-7.599863,-9.962394,-65.48685,66.67493,12.648506,-30.070948,-118.53679,122.944016,0.0
-107.30234,169.75575,-393.29944,441.60532,-22.788055,-4.802588,-23.736036,33.25313,100.202965,-23.00141,-13.10587,103.64109,89.09602,-118.19691,12.486385,148.54135,0.0
-48.030544,-183.97815,-141.51906,237.02855,105.04033,161.95692,-502.555,538.354,-27.432117,95.40711,95.38793,137.67316,-1.8062521,-22.954891,2.604742,23.172703,0.0
-72.14707,16.99884,-75.56661,105.85118,-23.863499,16.053186,-35.559135,45.734272,86.15169,-21.543879,-32.129623,94.43821,-6.925157,-6.601539,-28.451122,30.016924,0.0
69.6602,-51.5434,-219.38414,235.87852,-28.338215,-25.964468,-67.3644,77.55753,-0.362553,19.55689,-19.281384,27.46589,-0.3249341,18.156456,-17.915838,25.509602,0.0
-32.24901,35.4404,-115.16135,124.73234,-19.04341,1.6206778,-21.404488,28.695473,-8.912884,13.212476,7.7874675,17.73848,-10.175566,0.8927391,-11.431687,15.330446,0.0
-43.50374,140.14977,410.04596,435.51373,-50.41916,-106.275444,79.2308,141.82413,-48.347725,5.1011443,168.86034,175.71948,-4.6611066,6.293032,-28.888014,29.930677,0.0
6.3865128,56.266514,-33.59518,65.84333,-21.849669,-24.045504,-58.2388,66.68847,-5.742943,-38.66278,-24.151566,45.946724,15.943433,5.938781,58.13622,60.57469,0.0
15.478672,37.315674,-33.39168,52.412342,-29.250944,-19.280373,22.7657,41.78071,24.93266,13.618501,-81.66655,86.4669,-15.896351,-11.89665,6.3476152,20.84506,0.0
-40.016346,-124.13432,96.676414,162.3483,60.766518,61.226734,-7.007532,86.54703,45.84962,36.291115,70.93663,91.93061,10.934723,-12.962307,18.463453,25.069674,0.0
16.406595,69.992805,34.787487,79.864494,-33.607853,-13.904257,34.075733,49.83946,-27.626062,-24.065174,63.322853,73.158226,44.45714,-24.356827,3.419547,50.807453,0.0
-80.10502,116.675735,-508.86386,528.17847,-20.333462,-53.981976,-11.745786,58.868217,95.90532,-33.960613,-334.31494,349.45334,-0.068274386,-7.1651974,4.224586,8.318834,0.0
-28.857784,70.50501,106.89352,131.26291,-49.04739,-25.97097,20.131693,59.037468,-35.64093,8.22742,9.790681,37.866013,46.28078,-37.045803,72.42218,93.59106,0.0
-29.082088,-2.1611505,-5.211592,29.6243,24.073019,10.388288,98.91452,102.33038,-4.447821,34.761974,-48.24775,59.632496,3.3507087,-44.49272,3.4440353,44.75156,0.0
-39.892643,5.015485,-62.04943,73.9372,31.255222,-5.9583893,-1.535028,31.855104,-2.2293541,-34.05447,-111.90047,116.98889,10.37009,47.860226,-69.67776,85.16537,0.0
9.713692,-50.415062,67.90159,85.12738,-37.682648,-25.658905,-23.195597,51.15084,-8.504943,28.643097,46.48517,55.25978,28.84531,24.50447,131.62245,136.9562,0.0
49.282978,28.644838,-25.96321,62.637268,-46.16528,7.777235,-15.1516285,49.206608,-32.156796,18.891605,27.300962,46.22007,-2.5283864,-24.25278,57.576668,62.527298,0.0
-26.328838,25.634418,44.908264,58.02667,55.303913,6.454176,12.173726,56.994648,-35.35443,-18.805054,-31.221258,50.777393,35.70218,15.946952,16.683283,42.51228,0.0
-23.044489,16.038755,-27.638885,39.397945,6.128882,-27.563852,-70.049934,75.52697,-21.621277,14.824796,-39.049522,47.033176,-12.012893,8.263055,-21.725462,26.164543,0.0
-14.489368,46.020035,19.778368,52.143738,6.4176702,-40.443897,-0.8532354,40.9588,-6.4703803,-44.1956,-123.46351,131.29497,-0.48051324,38.70345,-36.761078,53.38142,0.0
-15.971863,77.116264,30.617178,84.49515,18.605478,-23.439722,26.385218,39.89692,-1.1315792,-56.85984,107.30998,121.44861,-24.115477,24.985292,114.96114,120.0912,0.0
-30.67674,3.3378537,-7.8787227,31.847904,68.63356,-59.393745,21.39321,93.25162,59.037674,78.00581,-21.580292,100.18021,-4.715817,-11.114725,52.42462,53.7971,0.0
58.290504,-12.696747,5.0152926,59.867718,-27.463114,-44.121147,-1.1124438,51.98207,-33.693775,35.67856,-50.055855,70.09863,4.581377,-38.8746,63.21636,74.354095,0.0
198.47098,-154.2863,-90.840515,267.2957,-64.379135,-34.935562,11.402125,74.12945,-118.3103,204.08165,602.6779,647.19965,-46.778984,16.83825,3.9740849,49.875893,0.0
-43.31655,-9.333785,52.26214,68.518425,24.297922,32.713757,229.95512,233.53787,-35.313793,-5.322665,-48.73723,60.42121,46.507748,-29.437113,-31.686617,63.510372,0.0
-105.0363,4.6332455,379.33542,393.6362,6.392098,31.518482,77.37287,83.79042,76.555435,-23.484682,177.64612,194.86002,11.890553,-16.977526,63.87375,67.152725,0.0
26.262854,-116.31921,-127.77453,174.7748,26.200714,-45.00556,-187.84476,194.92981,7.76131,11.238457,3.47582,14.093735,257.81577,373.6852,-37.82169,455.56567,0.0
-29.60405,18.592546,32.99597,48.071068,87.48326,20.729092,-24.37334,93.15088,-26.368502,8.161778,50.865986,57.8729,16.178135,19.067894,-32.140785,40.72294,0.0
35.765217,7.141239,-176.86989,180.59099,-15.9962,-1.7612174,-30.111217,34.141846,-13.561852,-7.0100303,-18.429878,23.93167,-11.015169,2.6635618,-20.282547,23.233816,0.0
54.5581,-92.34908,41.333252,114.94946,24.987177,-22.380194,-49.714622,59.973125,-37.986244,-4.484451,-36.828594,53.09823,-57.941444,145.35988,-188.16342,244.7288,0.0
50.266468,-7.538626,-58.470383,77.47481,17.405159,-5.7357225,-7.3827324,19.75738,27.579876,-8.7905445,-22.73015,36.80481,-42.604416,43.13289,59.846947,85.1895,0.0
65.43936,42.14984,153.25867,171.89284,17.327072,-37.77971,127.570274,134.17049,22.95924,-23.906494,109.23457,114.152756,-65.21292,-78.357704,373.60114,387.26022,0.0
17.253862,-43.4722,20.719181,51.15479,18.588514,40.003654,128.78741,136.13239,-20.320637,-15.302229,5.2772026,25.979517,-18.02454,10.185156,98.67459,100.82309,0.0
35.161236,-13.270696,33.10933,50.086445,-25.668036,-7.440136,-5.7152467,27.328878,-4.0158286,10.794439,11.557442,16.31663,-4.823014,11.2344675,4.6058145,13.065199,0.0
-22.705597,16.853336,2.6026754,28.396355,6.0048604,26.29463,145.8635,148.33618,-11.574968,-32.72698,-14.451484,37.601753,-6.39701,65.46643,-7.547055,66.209854,0.0
-107.87595,-24.232523,189.95319,219.78773,13.476278,10.379911,45.34208,48.427856,-13.548117,11.853406,31.819252,36.55859,95.501686,68.95463,86.43015,146.10098,0.0
46.88669,-82.84297,-234.57,253.14897,28.212862,23.068167,-61.969368,71.89095,-48.327946,34.29347,-54.25013,80.34128,-14.1999655,29.848387,-199.45712,202.17743,0.0
5.823653,-39.096035,71.82308,81.98159,-29.05271,-2.4042158,-41.18039,50.45469,-4.431459,-27.339567,-27.75106,39.207428,29.436571,62.06453,-12.011104,69.73375,0.0
11.627987,36.232796,-35.96461,52.35913,-2.4022853,-24.445372,24.303625,34.554497,46.969982,-30.171717,-8.119375,56.413185,-10.404292,40.135494,-26.788176,49.363194,0.0
38.24128,-18.49019,-13.044661,44.434734,-31.10115,16.736143,25.47669,43.548157,34.09844,2.6774905,67.402214,75.584,-23.200363,4.3324347,-14.2105,27.549524,0.0
4.3640122,-31.036097,-1.1890299,31.363955,-7.073752,16.504683,-18.782732,25.985254,0.47100383,15.677004,-49.48259,51.908737,-4.4184613,10.290088,-11.709707,16.202652,0.0
-62.955322,34.74461,-66.23158,97.76084,-51.450565,4.14968,39.502144,64.99846,37.44647,-11.36046,19.734858,43.826508,23.46126,9.382489,-81.25642,85.09446,0.0
-41.962616,24.14025,-120.41024,129.77765,26.535967,11.317214,-10.769619,30.793205,8.821534,-26.266338,-14.798279,31.412245,9.216055,-4.276714,-15.887746,18.85859,0.0
47.132153,7.5336714,121.50287,130.54173,-32.58219,-23.43573,164.38855,169.21709,-12.229918,8.32535,43.77966,46.21191,-11.149888,7.628144,39.946198,42.168793,0.0
34.438797,-24.285582,-47.51129,63.507034,-23.186941,12.476238,-108.532326,111.680595,-18.75803,7.5804973,-24.125345,31.485868,8.533761,-12.610823,-6.020242,16.373798,0.0
65.1448,53.716404,89.65978,123.159134,-31.756659,17.330692,26.781902,45.012318,-13.553625,44.94641,63.33539,78.836945,35.30792,-23.780605,128.19298,135.07634,0.0
-30.367668,-40.477783,-126.410034,136.16219,44.77428,-6.3300776,-37.297916,58.616898,-27.496437,81.3533,-224.41481,240.28407,-10.602362,-22.43527,-113.95616,116.62662,0.0
50.107883,20.53559,-150.56578,160.00801,-17.206316,5.050908,-57.66311,60.387108,-2.1809318,12.751611,-41.557266,43.52432,-9.466553,20.188501,-47.05197,52.068024,0.0
-31.170284,-11.310709,-87.581215,93.64827,17.218636,20.353617,-58.423546,64.21895,9.844336,-6.130789,-35.686638,37.523926,12.456605,14.146301,-65.30667,67.972466,0.0
100.179855,21.40124,130.63625,166.01161,18.316545,-33.89976,102.91417,109.89097,-54.43615,-22.067228,128.09445,140.92003,-66.641884,33.27088,48.262695,88.75467,0.0
2.6522398,-43.849716,-33.66455,55.345585,17.809727,21.808575,31.30323,42.103355,28.594774,8.040564,-44.170097,53.228943,-54.34953,-21.735666,-228.81758,236.18597,0.0
37.093956,71.25386,155.58401,175.09846,23.807783,-1.3805165,10.708866,26.142061,-83.28573,-65.215,119.21097,159.3762,8.057111,-4.907472,-11.032199,14.51623,0.0
-43.760517,25.20641,-163.74864,171.35919,8.359944,46.401375,56.718193,73.75595,36.501865,-41.3533,34.13162,64.86494,-4.9128475,-29.323006,-7.443908,30.649595,0.0
140.37514,-9.974825,-222.74579,263.47745,67.93854,15.04895,-44.24197,82.458885,11.321061,-11.700358,-23.580904,28.655256,6.281144,-6.511002,-13.13625,15.95014,0.0
-162.20279,-41.31905,279.02292,325.37796,-14.948265,-44.94509,49.658203,68.62543,-30.80946,60.10572,45.214558,81.279076,121.3375,8.802476,102.58621,159.13583,0.0
107.80201,-76.63958,286.3778,315.44757,-63.49304,29.058908,67.3729,97.03043,-22.797436,-17.190874,-22.486773,36.3444,-13.604563,24.398489,94.66976,98.70534,0.0
-83.5929,-24.539835,215.79497,232.71753,83.15431,-21.939907,123.78322,150.72586,11.767664,-23.63762,16.353642,31.0591,-14.007955,62.65528,-14.932602,65.91586,0.0
77.85329,-39.10712,-151.05164,174.37631,-25.830038,-10.605911,-24.426203,37.09873,-79.8566,-17.362963,53.70765,97.79096,-26.265144,51.13089,42.917934,71.73692,0.0
40.819813,27.728266,-65.18432,81.7564,-38.981216,-10.090078,-114.38916,121.269226,-35.88279,-20.645826,83.5946,93.28394,54.768642,-16.489195,179.54388,188.43437,0.0
-37.441525,-64.530685,68.38577,101.206184,20.712532,1.8630224,74.56898,77.41455,32.56592,-8.940849,9.029248,34.95735,-7.9181466,82.75694,69.823746,108.56692,0.0
-12.137769,51.591713,172.53082,180.48802,59.693134,18.139734,116.57928,132.22351,-153.05702,-2.7100291,522.0399,544.0216,-41.194168,49.771873,260.9563,268.8353,0.0
-59.543617,30.134638,-104.85711,124.292206,-51.3396,37.602974,-66.94684,92.36676,11.988331,-13.360351,-61.654022,64.214,7.3818297,-2.596717,-2.7396958,8.290977,0.0
19.980614,54.057346,258.026,264.38385,-38.332203,13.58743,19.870884,45.26398,-11.222916,8.3370285,1.7453383,14.089615,2.8435433,-15.954865,20.4634,26.103743,0.0
79.74143,-71.78225,-2.5602243,107.321686,-20.470293,1.9813621,18.334795,27.552193,-33.13844,98.91815,144.95709,178.59319,-30.740753,-4.5369697,8.148739,32.12462,0.0
-0.0577852,36.111435,-13.725085,38.631813,1.8152741,-19.394182,-33.46313,38.719643,15.169643,-10.700342,-35.725494,40.26073,0.97893083,-10.698073,-18.458946,21.35743,0.0
